snapshot_date,sku,warehouse_id,reported_qty,snapshot_source,snapshot_taken_at
2026-04-01,SKU01001,WH001,91,ERP,2026-04-01 23:55:00
2026-04-01,SKU01001,WH002,135,ERP,2026-04-01 23:55:00
2026-04-01,SKU01001,WH003,49,ERP,2026-04-01 23:55:00
2026-04-01,SKU01001,WH004,174,ERP,2026-04-01 23:55:00
2026-04-01,SKU01002,WH001,135,ERP,2026-04-01 23:55:00
2026-04-01,SKU01002,WH002,185,ERP,2026-04-01 23:55:00
2026-04-01,SKU01002,WH003,158,ERP,2026-04-01 23:55:00
2026-04-01,SKU01002,WH004,196,ERP,2026-04-01 23:55:00
2026-04-01,SKU01003,WH001,198,ERP,2026-04-01 23:55:00
2026-04-01,SKU01003,WH002,92,ERP,2026-04-01 23:55:00
2026-04-01,SKU01003,WH003,91,ERP,2026-04-01 23:55:00
2026-04-01,SKU01003,WH004,81,ERP,2026-04-01 23:55:00
2026-04-01,SKU01004,WH001,159,ERP,2026-04-01 23:55:00
2026-04-01,SKU01004,WH002,132,ERP,2026-04-01 23:55:00
2026-04-01,SKU01004,WH003,143,ERP,2026-04-01 23:55:00
2026-04-01,SKU01004,WH004,195,ERP,2026-04-01 23:55:00
2026-04-01,SKU01005,WH001,74,ERP,2026-04-01 23:55:00
2026-04-01,SKU01005,WH002,111,ERP,2026-04-01 23:55:00
2026-04-01,SKU01005,WH003,74,ERP,2026-04-01 23:55:00
2026-04-01,SKU01005,WH004,178,ERP,2026-04-01 23:55:00
2026-04-01,SKU01006,WH001,181,ERP,2026-04-01 23:55:00
2026-04-01,SKU01006,WH002,61,ERP,2026-04-01 23:55:00
2026-04-01,SKU01006,WH003,66,ERP,2026-04-01 23:55:00
2026-04-01,SKU01006,WH004,125,ERP,2026-04-01 23:55:00
2026-04-01,SKU01007,WH001,120,ERP,2026-04-01 23:55:00
2026-04-01,SKU01007,WH002,192,ERP,2026-04-01 23:55:00
2026-04-01,SKU01007,WH003,66,ERP,2026-04-01 23:55:00
2026-04-01,SKU01007,WH004,180,ERP,2026-04-01 23:55:00
2026-04-01,SKU01008,WH001,219,ERP,2026-04-01 23:55:00
2026-04-01,SKU01008,WH002,197,ERP,2026-04-01 23:55:00
2026-04-01,SKU01008,WH003,138,ERP,2026-04-01 23:55:00
2026-04-01,SKU01008,WH004,51,ERP,2026-04-01 23:55:00
2026-04-01,SKU01009,WH001,66,ERP,2026-04-01 23:55:00
2026-04-01,SKU01009,WH002,72,ERP,2026-04-01 23:55:00
2026-04-01,SKU01009,WH003,102,ERP,2026-04-01 23:55:00
2026-04-01,SKU01009,WH004,144,ERP,2026-04-01 23:55:00
2026-04-01,SKU01010,WH001,124,ERP,2026-04-01 23:55:00
2026-04-01,SKU01010,WH002,58,ERP,2026-04-01 23:55:00
2026-04-01,SKU01010,WH003,200,ERP,2026-04-01 23:55:00
2026-04-01,SKU01010,WH004,95,ERP,2026-04-01 23:55:00
2026-04-01,SKU01011,WH001,62,ERP,2026-04-01 23:55:00
2026-04-01,SKU01011,WH002,173,ERP,2026-04-01 23:55:00
2026-04-01,SKU01011,WH003,163,ERP,2026-04-01 23:55:00
2026-04-01,SKU01011,WH004,63,ERP,2026-04-01 23:55:00
2026-04-01,SKU01012,WH001,119,ERP,2026-04-01 23:55:00
2026-04-01,SKU01012,WH002,99,ERP,2026-04-01 23:55:00
2026-04-01,SKU01012,WH003,151,ERP,2026-04-01 23:55:00
2026-04-01,SKU01012,WH004,109,ERP,2026-04-01 23:55:00
2026-04-01,SKU01013,WH001,153,ERP,2026-04-01 23:55:00
2026-04-01,SKU01013,WH002,97,ERP,2026-04-01 23:55:00
2026-04-01,SKU01013,WH003,121,ERP,2026-04-01 23:55:00
2026-04-01,SKU01013,WH004,85,ERP,2026-04-01 23:55:00
2026-04-01,SKU01014,WH001,183,ERP,2026-04-01 23:55:00
2026-04-01,SKU01014,WH002,132,ERP,2026-04-01 23:55:00
2026-04-01,SKU01014,WH003,165,ERP,2026-04-01 23:55:00
2026-04-01,SKU01014,WH004,159,ERP,2026-04-01 23:55:00
2026-04-01,SKU01015,WH001,108,ERP,2026-04-01 23:55:00
2026-04-01,SKU01015,WH002,142,ERP,2026-04-01 23:55:00
2026-04-01,SKU01015,WH003,200,ERP,2026-04-01 23:55:00
2026-04-01,SKU01015,WH004,152,ERP,2026-04-01 23:55:00
2026-04-01,SKU01016,WH001,88,ERP,2026-04-01 23:55:00
2026-04-01,SKU01016,WH002,72,ERP,2026-04-01 23:55:00
2026-04-01,SKU01016,WH003,56,ERP,2026-04-01 23:55:00
2026-04-01,SKU01016,WH004,118,ERP,2026-04-01 23:55:00
2026-04-01,SKU01017,WH001,159,ERP,2026-04-01 23:55:00
2026-04-01,SKU01017,WH002,103,ERP,2026-04-01 23:55:00
2026-04-01,SKU01017,WH003,63,ERP,2026-04-01 23:55:00
2026-04-01,SKU01017,WH004,115,ERP,2026-04-01 23:55:00
2026-04-01,SKU01018,WH001,193,ERP,2026-04-01 23:55:00
2026-04-01,SKU01018,WH002,145,ERP,2026-04-01 23:55:00
2026-04-01,SKU01018,WH003,80,ERP,2026-04-01 23:55:00
2026-04-01,SKU01018,WH004,179,ERP,2026-04-01 23:55:00
2026-04-01,SKU01019,WH001,65,ERP,2026-04-01 23:55:00
2026-04-01,SKU01019,WH002,145,ERP,2026-04-01 23:55:00
2026-04-01,SKU01019,WH003,56,ERP,2026-04-01 23:55:00
2026-04-01,SKU01019,WH004,95,ERP,2026-04-01 23:55:00
2026-04-01,SKU01020,WH001,99,ERP,2026-04-01 23:55:00
2026-04-01,SKU01020,WH002,140,ERP,2026-04-01 23:55:00
2026-04-01,SKU01020,WH003,182,ERP,2026-04-01 23:55:00
2026-04-01,SKU01020,WH004,92,ERP,2026-04-01 23:55:00
2026-04-01,SKU01021,WH002,142,ERP,2026-04-01 23:55:00
2026-04-01,SKU01021,WH003,182,ERP,2026-04-01 23:55:00
2026-04-01,SKU01021,WH004,152,ERP,2026-04-01 23:55:00
2026-04-01,SKU01022,WH001,70,ERP,2026-04-01 23:55:00
2026-04-01,SKU01022,WH002,169,ERP,2026-04-01 23:55:00
2026-04-01,SKU01022,WH003,176,ERP,2026-04-01 23:55:00
2026-04-01,SKU01022,WH004,181,ERP,2026-04-01 23:55:00
2026-04-01,SKU01023,WH001,144,ERP,2026-04-01 23:55:00
2026-04-01,SKU01023,WH002,54,ERP,2026-04-01 23:55:00
2026-04-01,SKU01023,WH003,123,ERP,2026-04-01 23:55:00
2026-04-01,SKU01023,WH004,99,ERP,2026-04-01 23:55:00
2026-04-01,SKU01024,WH001,93,ERP,2026-04-01 23:55:00
2026-04-01,SKU01024,WH002,162,ERP,2026-04-01 23:55:00
2026-04-01,SKU01024,WH003,51,ERP,2026-04-01 23:55:00
2026-04-01,SKU01024,WH004,192,ERP,2026-04-01 23:55:00
2026-04-01,SKU01025,WH001,74,ERP,2026-04-01 23:55:00
2026-04-01,SKU01025,WH002,97,ERP,2026-04-01 23:55:00
2026-04-01,SKU01025,WH003,88,ERP,2026-04-01 23:55:00
2026-04-01,SKU01025,WH004,61,ERP,2026-04-01 23:55:00
2026-04-01,SKU01026,WH001,79,ERP,2026-04-01 23:55:00
2026-04-01,SKU01026,WH002,65,ERP,2026-04-01 23:55:00
2026-04-01,SKU01026,WH003,175,ERP,2026-04-01 23:55:00
2026-04-01,SKU01026,WH004,168,ERP,2026-04-01 23:55:00
2026-04-01,SKU01027,WH001,126,ERP,2026-04-01 23:55:00
2026-04-01,SKU01027,WH002,142,ERP,2026-04-01 23:55:00
2026-04-01,SKU01027,WH003,186,ERP,2026-04-01 23:55:00
2026-04-01,SKU01027,WH004,149,ERP,2026-04-01 23:55:00
2026-04-01,SKU01028,WH001,162,ERP,2026-04-01 23:55:00
2026-04-01,SKU01028,WH003,137,ERP,2026-04-01 23:55:00
2026-04-01,SKU01028,WH004,180,ERP,2026-04-01 23:55:00
2026-04-01,SKU01029,WH001,194,ERP,2026-04-01 23:55:00
2026-04-01,SKU01029,WH002,148,ERP,2026-04-01 23:55:00
2026-04-01,SKU01029,WH003,124,ERP,2026-04-01 23:55:00
2026-04-01,SKU01029,WH004,178,ERP,2026-04-01 23:55:00
2026-04-01,SKU01030,WH001,88,ERP,2026-04-01 23:55:00
2026-04-01,SKU01030,WH002,102,ERP,2026-04-01 23:55:00
2026-04-01,SKU01030,WH003,164,ERP,2026-04-01 23:55:00
2026-04-01,SKU01030,WH004,133,ERP,2026-04-01 23:55:00
2026-04-01,SKU01031,WH001,136,ERP,2026-04-01 23:55:00
2026-04-01,SKU01031,WH002,129,ERP,2026-04-01 23:55:00
2026-04-01,SKU01031,WH003,84,ERP,2026-04-01 23:55:00
2026-04-01,SKU01031,WH004,179,ERP,2026-04-01 23:55:00
2026-04-01,SKU01032,WH001,105,ERP,2026-04-01 23:55:00
2026-04-01,SKU01032,WH002,122,ERP,2026-04-01 23:55:00
2026-04-01,SKU01032,WH003,198,ERP,2026-04-01 23:55:00
2026-04-01,SKU01032,WH004,80,ERP,2026-04-01 23:55:00
2026-04-01,SKU01033,WH001,51,ERP,2026-04-01 23:55:00
2026-04-01,SKU01033,WH002,98,ERP,2026-04-01 23:55:00
2026-04-01,SKU01033,WH003,96,ERP,2026-04-01 23:55:00
2026-04-01,SKU01033,WH004,138,ERP,2026-04-01 23:55:00
2026-04-01,SKU01034,WH001,95,ERP,2026-04-01 23:55:00
2026-04-01,SKU01034,WH002,113,ERP,2026-04-01 23:55:00
2026-04-01,SKU01034,WH003,195,ERP,2026-04-01 23:55:00
2026-04-01,SKU01034,WH004,136,ERP,2026-04-01 23:55:00
2026-04-01,SKU01035,WH001,114,ERP,2026-04-01 23:55:00
2026-04-01,SKU01035,WH002,98,ERP,2026-04-01 23:55:00
2026-04-01,SKU01035,WH003,139,ERP,2026-04-01 23:55:00
2026-04-01,SKU01035,WH004,198,ERP,2026-04-01 23:55:00
2026-04-01,SKU01036,WH001,113,ERP,2026-04-01 23:55:00
2026-04-01,SKU01036,WH002,131,ERP,2026-04-01 23:55:00
2026-04-01,SKU01036,WH003,137,ERP,2026-04-01 23:55:00
2026-04-01,SKU01036,WH004,76,ERP,2026-04-01 23:55:00
2026-04-01,SKU01037,WH001,119,ERP,2026-04-01 23:55:00
2026-04-01,SKU01037,WH002,116,ERP,2026-04-01 23:55:00
2026-04-01,SKU01037,WH003,156,ERP,2026-04-01 23:55:00
2026-04-01,SKU01037,WH004,127,ERP,2026-04-01 23:55:00
2026-04-01,SKU01038,WH001,191,ERP,2026-04-01 23:55:00
2026-04-01,SKU01038,WH002,135,ERP,2026-04-01 23:55:00
2026-04-01,SKU01038,WH003,100,ERP,2026-04-01 23:55:00
2026-04-01,SKU01038,WH004,99,ERP,2026-04-01 23:55:00
2026-04-01,SKU01039,WH001,99,ERP,2026-04-01 23:55:00
2026-04-01,SKU01039,WH002,99,ERP,2026-04-01 23:55:00
2026-04-01,SKU01039,WH003,72,ERP,2026-04-01 23:55:00
2026-04-01,SKU01039,WH004,84,ERP,2026-04-01 23:55:00
2026-04-01,SKU01040,WH001,54,ERP,2026-04-01 23:55:00
2026-04-01,SKU01040,WH002,81,ERP,2026-04-01 23:55:00
2026-04-01,SKU01040,WH003,98,ERP,2026-04-01 23:55:00
2026-04-01,SKU01041,WH001,149,ERP,2026-04-01 23:55:00
2026-04-01,SKU01041,WH002,65,ERP,2026-04-01 23:55:00
2026-04-01,SKU01041,WH003,80,ERP,2026-04-01 23:55:00
2026-04-01,SKU01042,WH001,177,ERP,2026-04-01 23:55:00
2026-04-01,SKU01042,WH002,102,ERP,2026-04-01 23:55:00
2026-04-01,SKU01042,WH003,120,ERP,2026-04-01 23:55:00
2026-04-01,SKU01042,WH004,144,ERP,2026-04-01 23:55:00
2026-04-01,SKU01043,WH001,129,ERP,2026-04-01 23:55:00
2026-04-01,SKU01043,WH002,156,ERP,2026-04-01 23:55:00
2026-04-01,SKU01043,WH003,68,ERP,2026-04-01 23:55:00
2026-04-01,SKU01043,WH004,134,ERP,2026-04-01 23:55:00
2026-04-01,SKU01044,WH001,64,ERP,2026-04-01 23:55:00
2026-04-01,SKU01044,WH002,76,ERP,2026-04-01 23:55:00
2026-04-01,SKU01044,WH003,155,ERP,2026-04-01 23:55:00
2026-04-01,SKU01044,WH004,142,ERP,2026-04-01 23:55:00
2026-04-01,SKU01045,WH001,136,ERP,2026-04-01 23:55:00
2026-04-01,SKU01045,WH002,167,ERP,2026-04-01 23:55:00
2026-04-01,SKU01045,WH003,132,ERP,2026-04-01 23:55:00
2026-04-01,SKU01045,WH004,78,ERP,2026-04-01 23:55:00
2026-04-01,SKU01046,WH001,160,ERP,2026-04-01 23:55:00
2026-04-01,SKU01046,WH002,76,ERP,2026-04-01 23:55:00
2026-04-01,SKU01046,WH003,101,ERP,2026-04-01 23:55:00
2026-04-01,SKU01046,WH004,139,ERP,2026-04-01 23:55:00
2026-04-01,SKU01047,WH001,74,ERP,2026-04-01 23:55:00
2026-04-01,SKU01047,WH002,100,ERP,2026-04-01 23:55:00
2026-04-01,SKU01047,WH003,87,ERP,2026-04-01 23:55:00
2026-04-01,SKU01047,WH004,84,ERP,2026-04-01 23:55:00
2026-04-01,SKU01048,WH001,98,ERP,2026-04-01 23:55:00
2026-04-01,SKU01048,WH002,69,ERP,2026-04-01 23:55:00
2026-04-01,SKU01048,WH003,157,ERP,2026-04-01 23:55:00
2026-04-01,SKU01048,WH004,198,ERP,2026-04-01 23:55:00
2026-04-01,SKU01049,WH001,110,ERP,2026-04-01 23:55:00
2026-04-01,SKU01049,WH003,159,ERP,2026-04-01 23:55:00
2026-04-01,SKU01049,WH004,175,ERP,2026-04-01 23:55:00
2026-04-01,SKU01050,WH001,94,ERP,2026-04-01 23:55:00
2026-04-01,SKU01050,WH002,54,ERP,2026-04-01 23:55:00
2026-04-01,SKU01050,WH004,154,ERP,2026-04-01 23:55:00
2026-04-01,SKU01051,WH001,96,ERP,2026-04-01 23:55:00
2026-04-01,SKU01051,WH002,142,ERP,2026-04-01 23:55:00
2026-04-01,SKU01051,WH003,180,ERP,2026-04-01 23:55:00
2026-04-01,SKU01051,WH004,79,ERP,2026-04-01 23:55:00
2026-04-01,SKU01052,WH001,169,ERP,2026-04-01 23:55:00
2026-04-01,SKU01052,WH002,83,ERP,2026-04-01 23:55:00
2026-04-01,SKU01052,WH003,52,ERP,2026-04-01 23:55:00
2026-04-01,SKU01052,WH004,73,ERP,2026-04-01 23:55:00
2026-04-01,SKU01053,WH002,71,ERP,2026-04-01 23:55:00
2026-04-01,SKU01053,WH003,179,ERP,2026-04-01 23:55:00
2026-04-01,SKU01053,WH004,118,ERP,2026-04-01 23:55:00
2026-04-01,SKU01054,WH001,118,ERP,2026-04-01 23:55:00
2026-04-01,SKU01054,WH002,85,ERP,2026-04-01 23:55:00
2026-04-01,SKU01054,WH003,230,ERP,2026-04-01 23:55:00
2026-04-01,SKU01054,WH004,157,ERP,2026-04-01 23:55:00
2026-04-01,SKU01055,WH001,164,ERP,2026-04-01 23:55:00
2026-04-01,SKU01055,WH002,111,ERP,2026-04-01 23:55:00
2026-04-01,SKU01055,WH003,105,ERP,2026-04-01 23:55:00
2026-04-01,SKU01055,WH004,140,ERP,2026-04-01 23:55:00
2026-04-01,SKU01056,WH001,98,ERP,2026-04-01 23:55:00
2026-04-01,SKU01056,WH002,189,ERP,2026-04-01 23:55:00
2026-04-01,SKU01056,WH004,172,ERP,2026-04-01 23:55:00
2026-04-01,SKU01057,WH001,58,ERP,2026-04-01 23:55:00
2026-04-01,SKU01057,WH002,63,ERP,2026-04-01 23:55:00
2026-04-01,SKU01057,WH003,61,ERP,2026-04-01 23:55:00
2026-04-01,SKU01057,WH004,196,ERP,2026-04-01 23:55:00
2026-04-01,SKU01058,WH001,59,ERP,2026-04-01 23:55:00
2026-04-01,SKU01058,WH002,102,ERP,2026-04-01 23:55:00
2026-04-01,SKU01058,WH003,70,ERP,2026-04-01 23:55:00
2026-04-01,SKU01059,WH001,117,ERP,2026-04-01 23:55:00
2026-04-01,SKU01059,WH002,106,ERP,2026-04-01 23:55:00
2026-04-01,SKU01059,WH003,98,ERP,2026-04-01 23:55:00
2026-04-01,SKU01059,WH004,57,ERP,2026-04-01 23:55:00
2026-04-01,SKU01060,WH001,69,ERP,2026-04-01 23:55:00
2026-04-01,SKU01060,WH002,155,ERP,2026-04-01 23:55:00
2026-04-01,SKU01060,WH003,176,ERP,2026-04-01 23:55:00
2026-04-01,SKU01060,WH004,176,ERP,2026-04-01 23:55:00
2026-04-01,SKU01061,WH001,67,ERP,2026-04-01 23:55:00
2026-04-01,SKU01061,WH002,147,ERP,2026-04-01 23:55:00
2026-04-01,SKU01061,WH003,90,ERP,2026-04-01 23:55:00
2026-04-01,SKU01061,WH004,151,ERP,2026-04-01 23:55:00
2026-04-01,SKU01062,WH001,189,ERP,2026-04-01 23:55:00
2026-04-01,SKU01062,WH002,77,ERP,2026-04-01 23:55:00
2026-04-01,SKU01062,WH003,190,ERP,2026-04-01 23:55:00
2026-04-01,SKU01062,WH004,92,ERP,2026-04-01 23:55:00
2026-04-01,SKU01063,WH001,104,ERP,2026-04-01 23:55:00
2026-04-01,SKU01063,WH002,162,ERP,2026-04-01 23:55:00
2026-04-01,SKU01063,WH003,109,ERP,2026-04-01 23:55:00
2026-04-01,SKU01063,WH004,129,ERP,2026-04-01 23:55:00
2026-04-01,SKU01064,WH001,151,ERP,2026-04-01 23:55:00
2026-04-01,SKU01064,WH002,85,ERP,2026-04-01 23:55:00
2026-04-01,SKU01064,WH003,99,ERP,2026-04-01 23:55:00
2026-04-01,SKU01064,WH004,126,ERP,2026-04-01 23:55:00
2026-04-01,SKU01065,WH001,170,ERP,2026-04-01 23:55:00
2026-04-01,SKU01065,WH002,173,ERP,2026-04-01 23:55:00
2026-04-01,SKU01065,WH003,95,ERP,2026-04-01 23:55:00
2026-04-01,SKU01065,WH004,117,ERP,2026-04-01 23:55:00
2026-04-01,SKU01066,WH001,165,ERP,2026-04-01 23:55:00
2026-04-01,SKU01066,WH002,198,ERP,2026-04-01 23:55:00
2026-04-01,SKU01066,WH003,75,ERP,2026-04-01 23:55:00
2026-04-01,SKU01066,WH004,60,ERP,2026-04-01 23:55:00
2026-04-01,SKU01067,WH001,52,ERP,2026-04-01 23:55:00
2026-04-01,SKU01067,WH002,159,ERP,2026-04-01 23:55:00
2026-04-01,SKU01067,WH003,185,ERP,2026-04-01 23:55:00
2026-04-01,SKU01067,WH004,171,ERP,2026-04-01 23:55:00
2026-04-01,SKU01068,WH001,53,ERP,2026-04-01 23:55:00
2026-04-01,SKU01068,WH002,197,ERP,2026-04-01 23:55:00
2026-04-01,SKU01068,WH003,142,ERP,2026-04-01 23:55:00
2026-04-01,SKU01068,WH004,53,ERP,2026-04-01 23:55:00
2026-04-01,SKU01069,WH001,161,ERP,2026-04-01 23:55:00
2026-04-01,SKU01069,WH003,160,ERP,2026-04-01 23:55:00
2026-04-01,SKU01069,WH004,136,ERP,2026-04-01 23:55:00
2026-04-01,SKU01070,WH001,60,ERP,2026-04-01 23:55:00
2026-04-01,SKU01070,WH002,183,ERP,2026-04-01 23:55:00
2026-04-01,SKU01070,WH003,132,ERP,2026-04-01 23:55:00
2026-04-01,SKU01070,WH004,91,ERP,2026-04-01 23:55:00
2026-04-01,SKU01071,WH001,166,ERP,2026-04-01 23:55:00
2026-04-01,SKU01071,WH002,174,ERP,2026-04-01 23:55:00
2026-04-01,SKU01071,WH003,77,ERP,2026-04-01 23:55:00
2026-04-01,SKU01071,WH004,193,ERP,2026-04-01 23:55:00
2026-04-01,SKU01072,WH001,169,ERP,2026-04-01 23:55:00
2026-04-01,SKU01072,WH002,187,ERP,2026-04-01 23:55:00
2026-04-01,SKU01072,WH004,77,ERP,2026-04-01 23:55:00
2026-04-01,SKU01073,WH001,110,ERP,2026-04-01 23:55:00
2026-04-01,SKU01073,WH002,126,ERP,2026-04-01 23:55:00
2026-04-01,SKU01073,WH004,63,ERP,2026-04-01 23:55:00
2026-04-01,SKU01074,WH001,103,ERP,2026-04-01 23:55:00
2026-04-01,SKU01074,WH002,88,ERP,2026-04-01 23:55:00
2026-04-01,SKU01074,WH003,61,ERP,2026-04-01 23:55:00
2026-04-01,SKU01074,WH004,124,ERP,2026-04-01 23:55:00
2026-04-01,SKU01075,WH001,60,ERP,2026-04-01 23:55:00
2026-04-01,SKU01075,WH002,126,ERP,2026-04-01 23:55:00
2026-04-01,SKU01075,WH003,155,ERP,2026-04-01 23:55:00
2026-04-01,SKU01075,WH004,156,ERP,2026-04-01 23:55:00
2026-04-01,SKU01076,WH001,85,ERP,2026-04-01 23:55:00
2026-04-01,SKU01076,WH002,166,ERP,2026-04-01 23:55:00
2026-04-01,SKU01076,WH003,165,ERP,2026-04-01 23:55:00
2026-04-01,SKU01076,WH004,52,ERP,2026-04-01 23:55:00
2026-04-01,SKU01077,WH001,49,ERP,2026-04-01 23:55:00
2026-04-01,SKU01077,WH002,169,ERP,2026-04-01 23:55:00
2026-04-01,SKU01077,WH003,90,ERP,2026-04-01 23:55:00
2026-04-01,SKU01077,WH004,52,ERP,2026-04-01 23:55:00
2026-04-01,SKU01078,WH001,188,ERP,2026-04-01 23:55:00
2026-04-01,SKU01078,WH002,152,ERP,2026-04-01 23:55:00
2026-04-01,SKU01078,WH003,91,ERP,2026-04-01 23:55:00
2026-04-01,SKU01078,WH004,113,ERP,2026-04-01 23:55:00
2026-04-01,SKU01079,WH001,50,ERP,2026-04-01 23:55:00
2026-04-01,SKU01079,WH002,174,ERP,2026-04-01 23:55:00
2026-04-01,SKU01079,WH003,157,ERP,2026-04-01 23:55:00
2026-04-01,SKU01079,WH004,129,ERP,2026-04-01 23:55:00
2026-04-01,SKU01080,WH002,189,ERP,2026-04-01 23:55:00
2026-04-01,SKU01080,WH004,174,ERP,2026-04-01 23:55:00
2026-04-01,SKU01081,WH001,108,ERP,2026-04-01 23:55:00
2026-04-01,SKU01081,WH002,117,ERP,2026-04-01 23:55:00
2026-04-01,SKU01081,WH003,131,ERP,2026-04-01 23:55:00
2026-04-01,SKU01081,WH004,156,ERP,2026-04-01 23:55:00
2026-04-01,SKU01082,WH001,66,ERP,2026-04-01 23:55:00
2026-04-01,SKU01082,WH002,62,ERP,2026-04-01 23:55:00
2026-04-01,SKU01082,WH003,56,ERP,2026-04-01 23:55:00
2026-04-01,SKU01082,WH004,192,ERP,2026-04-01 23:55:00
2026-04-01,SKU01083,WH002,61,ERP,2026-04-01 23:55:00
2026-04-01,SKU01083,WH003,101,ERP,2026-04-01 23:55:00
2026-04-01,SKU01083,WH004,61,ERP,2026-04-01 23:55:00
2026-04-01,SKU01084,WH001,67,ERP,2026-04-01 23:55:00
2026-04-01,SKU01084,WH003,134,ERP,2026-04-01 23:55:00
2026-04-01,SKU01084,WH004,177,ERP,2026-04-01 23:55:00
2026-04-01,SKU01085,WH001,164,ERP,2026-04-01 23:55:00
2026-04-01,SKU01085,WH002,129,ERP,2026-04-01 23:55:00
2026-04-01,SKU01085,WH003,58,ERP,2026-04-01 23:55:00
2026-04-01,SKU01085,WH004,55,ERP,2026-04-01 23:55:00
2026-04-01,SKU01086,WH001,99,ERP,2026-04-01 23:55:00
2026-04-01,SKU01086,WH002,70,ERP,2026-04-01 23:55:00
2026-04-01,SKU01086,WH003,161,ERP,2026-04-01 23:55:00
2026-04-01,SKU01086,WH004,172,ERP,2026-04-01 23:55:00
2026-04-01,SKU01087,WH001,175,ERP,2026-04-01 23:55:00
2026-04-01,SKU01087,WH002,81,ERP,2026-04-01 23:55:00
2026-04-01,SKU01087,WH003,197,ERP,2026-04-01 23:55:00
2026-04-01,SKU01087,WH004,81,ERP,2026-04-01 23:55:00
2026-04-01,SKU01088,WH001,186,ERP,2026-04-01 23:55:00
2026-04-01,SKU01088,WH002,59,ERP,2026-04-01 23:55:00
2026-04-01,SKU01088,WH003,80,ERP,2026-04-01 23:55:00
2026-04-01,SKU01088,WH004,115,ERP,2026-04-01 23:55:00
2026-04-01,SKU01089,WH001,190,ERP,2026-04-01 23:55:00
2026-04-01,SKU01089,WH002,156,ERP,2026-04-01 23:55:00
2026-04-01,SKU01089,WH003,68,ERP,2026-04-01 23:55:00
2026-04-01,SKU01089,WH004,93,ERP,2026-04-01 23:55:00
2026-04-01,SKU01090,WH001,67,ERP,2026-04-01 23:55:00
2026-04-01,SKU01090,WH003,143,ERP,2026-04-01 23:55:00
2026-04-01,SKU01090,WH004,189,ERP,2026-04-01 23:55:00
2026-04-01,SKU01091,WH001,95,ERP,2026-04-01 23:55:00
2026-04-01,SKU01091,WH002,146,ERP,2026-04-01 23:55:00
2026-04-01,SKU01091,WH003,173,ERP,2026-04-01 23:55:00
2026-04-01,SKU01091,WH004,136,ERP,2026-04-01 23:55:00
2026-04-01,SKU01092,WH001,128,ERP,2026-04-01 23:55:00
2026-04-01,SKU01092,WH002,123,ERP,2026-04-01 23:55:00
2026-04-01,SKU01092,WH003,78,ERP,2026-04-01 23:55:00
2026-04-01,SKU01092,WH004,108,ERP,2026-04-01 23:55:00
2026-04-01,SKU01093,WH001,55,ERP,2026-04-01 23:55:00
2026-04-01,SKU01093,WH002,185,ERP,2026-04-01 23:55:00
2026-04-01,SKU01093,WH003,67,ERP,2026-04-01 23:55:00
2026-04-01,SKU01093,WH004,112,ERP,2026-04-01 23:55:00
2026-04-01,SKU01094,WH001,193,ERP,2026-04-01 23:55:00
2026-04-01,SKU01094,WH002,95,ERP,2026-04-01 23:55:00
2026-04-01,SKU01094,WH003,162,ERP,2026-04-01 23:55:00
2026-04-01,SKU01094,WH004,189,ERP,2026-04-01 23:55:00
2026-04-01,SKU01095,WH001,121,ERP,2026-04-01 23:55:00
2026-04-01,SKU01095,WH002,120,ERP,2026-04-01 23:55:00
2026-04-01,SKU01095,WH003,208,ERP,2026-04-01 23:55:00
2026-04-01,SKU01095,WH004,107,ERP,2026-04-01 23:55:00
2026-04-01,SKU01096,WH001,117,ERP,2026-04-01 23:55:00
2026-04-01,SKU01096,WH002,151,ERP,2026-04-01 23:55:00
2026-04-01,SKU01096,WH003,125,ERP,2026-04-01 23:55:00
2026-04-01,SKU01096,WH004,50,ERP,2026-04-01 23:55:00
2026-04-01,SKU01097,WH001,152,ERP,2026-04-01 23:55:00
2026-04-01,SKU01097,WH002,97,ERP,2026-04-01 23:55:00
2026-04-01,SKU01097,WH003,114,ERP,2026-04-01 23:55:00
2026-04-01,SKU01097,WH004,73,ERP,2026-04-01 23:55:00
2026-04-01,SKU01098,WH001,132,ERP,2026-04-01 23:55:00
2026-04-01,SKU01098,WH002,119,ERP,2026-04-01 23:55:00
2026-04-01,SKU01098,WH003,159,ERP,2026-04-01 23:55:00
2026-04-01,SKU01098,WH004,96,ERP,2026-04-01 23:55:00
2026-04-01,SKU01099,WH001,111,ERP,2026-04-01 23:55:00
2026-04-01,SKU01099,WH002,190,ERP,2026-04-01 23:55:00
2026-04-01,SKU01099,WH003,96,ERP,2026-04-01 23:55:00
2026-04-01,SKU01099,WH004,58,ERP,2026-04-01 23:55:00
2026-04-01,SKU01100,WH001,72,ERP,2026-04-01 23:55:00
2026-04-01,SKU01100,WH002,84,ERP,2026-04-01 23:55:00
2026-04-01,SKU01100,WH003,54,ERP,2026-04-01 23:55:00
2026-04-01,SKU01100,WH004,191,ERP,2026-04-01 23:55:00
2026-04-01,SKU01101,WH001,112,ERP,2026-04-01 23:55:00
2026-04-01,SKU01101,WH002,196,ERP,2026-04-01 23:55:00
2026-04-01,SKU01101,WH003,84,ERP,2026-04-01 23:55:00
2026-04-01,SKU01101,WH004,110,ERP,2026-04-01 23:55:00
2026-04-01,SKU01102,WH001,71,ERP,2026-04-01 23:55:00
2026-04-01,SKU01102,WH002,53,ERP,2026-04-01 23:55:00
2026-04-01,SKU01102,WH003,134,ERP,2026-04-01 23:55:00
2026-04-01,SKU01102,WH004,108,ERP,2026-04-01 23:55:00
2026-04-01,SKU01103,WH001,121,ERP,2026-04-01 23:55:00
2026-04-01,SKU01103,WH002,152,ERP,2026-04-01 23:55:00
2026-04-01,SKU01103,WH003,64,ERP,2026-04-01 23:55:00
2026-04-01,SKU01103,WH004,152,ERP,2026-04-01 23:55:00
2026-04-01,SKU01104,WH001,137,ERP,2026-04-01 23:55:00
2026-04-01,SKU01104,WH002,127,ERP,2026-04-01 23:55:00
2026-04-01,SKU01104,WH003,145,ERP,2026-04-01 23:55:00
2026-04-01,SKU01104,WH004,126,ERP,2026-04-01 23:55:00
2026-04-01,SKU01105,WH001,163,ERP,2026-04-01 23:55:00
2026-04-01,SKU01105,WH002,61,ERP,2026-04-01 23:55:00
2026-04-01,SKU01105,WH003,141,ERP,2026-04-01 23:55:00
2026-04-01,SKU01105,WH004,148,ERP,2026-04-01 23:55:00
2026-04-01,SKU01106,WH001,165,ERP,2026-04-01 23:55:00
2026-04-01,SKU01106,WH002,86,ERP,2026-04-01 23:55:00
2026-04-01,SKU01106,WH003,184,ERP,2026-04-01 23:55:00
2026-04-01,SKU01106,WH004,145,ERP,2026-04-01 23:55:00
2026-04-01,SKU01107,WH001,111,ERP,2026-04-01 23:55:00
2026-04-01,SKU01107,WH002,154,ERP,2026-04-01 23:55:00
2026-04-01,SKU01107,WH003,171,ERP,2026-04-01 23:55:00
2026-04-01,SKU01107,WH004,119,ERP,2026-04-01 23:55:00
2026-04-01,SKU01108,WH001,148,ERP,2026-04-01 23:55:00
2026-04-01,SKU01108,WH002,78,ERP,2026-04-01 23:55:00
2026-04-01,SKU01108,WH003,87,ERP,2026-04-01 23:55:00
2026-04-01,SKU01108,WH004,185,ERP,2026-04-01 23:55:00
2026-04-01,SKU01109,WH001,152,ERP,2026-04-01 23:55:00
2026-04-01,SKU01109,WH002,172,ERP,2026-04-01 23:55:00
2026-04-01,SKU01109,WH003,59,ERP,2026-04-01 23:55:00
2026-04-01,SKU01109,WH004,150,ERP,2026-04-01 23:55:00
2026-04-01,SKU01110,WH001,188,ERP,2026-04-01 23:55:00
2026-04-01,SKU01110,WH002,118,ERP,2026-04-01 23:55:00
2026-04-01,SKU01110,WH003,182,ERP,2026-04-01 23:55:00
2026-04-01,SKU01110,WH004,78,ERP,2026-04-01 23:55:00
2026-04-01,SKU01111,WH001,103,ERP,2026-04-01 23:55:00
2026-04-01,SKU01111,WH002,169,ERP,2026-04-01 23:55:00
2026-04-01,SKU01111,WH003,176,ERP,2026-04-01 23:55:00
2026-04-01,SKU01111,WH004,113,ERP,2026-04-01 23:55:00
2026-04-01,SKU01112,WH001,105,ERP,2026-04-01 23:55:00
2026-04-01,SKU01112,WH002,135,ERP,2026-04-01 23:55:00
2026-04-01,SKU01112,WH003,190,ERP,2026-04-01 23:55:00
2026-04-01,SKU01112,WH004,180,ERP,2026-04-01 23:55:00
2026-04-01,SKU01113,WH001,198,ERP,2026-04-01 23:55:00
2026-04-01,SKU01113,WH002,91,ERP,2026-04-01 23:55:00
2026-04-01,SKU01113,WH003,107,ERP,2026-04-01 23:55:00
2026-04-01,SKU01113,WH004,49,ERP,2026-04-01 23:55:00
2026-04-01,SKU01114,WH001,81,ERP,2026-04-01 23:55:00
2026-04-01,SKU01114,WH002,159,ERP,2026-04-01 23:55:00
2026-04-01,SKU01114,WH003,55,ERP,2026-04-01 23:55:00
2026-04-01,SKU01114,WH004,98,ERP,2026-04-01 23:55:00
2026-04-01,SKU01115,WH001,64,ERP,2026-04-01 23:55:00
2026-04-01,SKU01115,WH002,98,ERP,2026-04-01 23:55:00
2026-04-01,SKU01115,WH003,173,ERP,2026-04-01 23:55:00
2026-04-01,SKU01115,WH004,189,ERP,2026-04-01 23:55:00
2026-04-01,SKU01116,WH001,48,ERP,2026-04-01 23:55:00
2026-04-01,SKU01116,WH002,118,ERP,2026-04-01 23:55:00
2026-04-01,SKU01116,WH003,190,ERP,2026-04-01 23:55:00
2026-04-01,SKU01116,WH004,50,ERP,2026-04-01 23:55:00
2026-04-01,SKU01117,WH001,128,ERP,2026-04-01 23:55:00
2026-04-01,SKU01117,WH002,196,ERP,2026-04-01 23:55:00
2026-04-01,SKU01117,WH003,120,ERP,2026-04-01 23:55:00
2026-04-01,SKU01117,WH004,159,ERP,2026-04-01 23:55:00
2026-04-01,SKU01118,WH002,121,ERP,2026-04-01 23:55:00
2026-04-01,SKU01118,WH003,122,ERP,2026-04-01 23:55:00
2026-04-01,SKU01118,WH004,150,ERP,2026-04-01 23:55:00
2026-04-01,SKU01119,WH002,93,ERP,2026-04-01 23:55:00
2026-04-01,SKU01119,WH003,104,ERP,2026-04-01 23:55:00
2026-04-01,SKU01119,WH004,59,ERP,2026-04-01 23:55:00
2026-04-01,SKU01120,WH001,59,ERP,2026-04-01 23:55:00
2026-04-01,SKU01120,WH002,150,ERP,2026-04-01 23:55:00
2026-04-01,SKU01120,WH003,128,ERP,2026-04-01 23:55:00
2026-04-01,SKU01120,WH004,78,ERP,2026-04-01 23:55:00
2026-04-01,SKU01121,WH001,131,ERP,2026-04-01 23:55:00
2026-04-01,SKU01121,WH002,177,ERP,2026-04-01 23:55:00
2026-04-01,SKU01121,WH003,102,ERP,2026-04-01 23:55:00
2026-04-01,SKU01121,WH004,198,ERP,2026-04-01 23:55:00
2026-04-01,SKU01122,WH001,163,ERP,2026-04-01 23:55:00
2026-04-01,SKU01122,WH002,141,ERP,2026-04-01 23:55:00
2026-04-01,SKU01122,WH003,55,ERP,2026-04-01 23:55:00
2026-04-01,SKU01122,WH004,64,ERP,2026-04-01 23:55:00
2026-04-01,SKU01123,WH001,191,ERP,2026-04-01 23:55:00
2026-04-01,SKU01123,WH003,125,ERP,2026-04-01 23:55:00
2026-04-01,SKU01123,WH004,192,ERP,2026-04-01 23:55:00
2026-04-01,SKU01124,WH001,132,ERP,2026-04-01 23:55:00
2026-04-01,SKU01124,WH002,151,ERP,2026-04-01 23:55:00
2026-04-01,SKU01124,WH003,164,ERP,2026-04-01 23:55:00
2026-04-01,SKU01124,WH004,122,ERP,2026-04-01 23:55:00
2026-04-01,SKU01125,WH001,116,ERP,2026-04-01 23:55:00
2026-04-01,SKU01125,WH002,146,ERP,2026-04-01 23:55:00
2026-04-01,SKU01125,WH003,80,ERP,2026-04-01 23:55:00
2026-04-01,SKU01125,WH004,81,ERP,2026-04-01 23:55:00
2026-04-01,SKU01126,WH001,85,ERP,2026-04-01 23:55:00
2026-04-01,SKU01126,WH002,124,ERP,2026-04-01 23:55:00
2026-04-01,SKU01126,WH003,114,ERP,2026-04-01 23:55:00
2026-04-01,SKU01126,WH004,167,ERP,2026-04-01 23:55:00
2026-04-01,SKU01127,WH001,95,ERP,2026-04-01 23:55:00
2026-04-01,SKU01127,WH002,151,ERP,2026-04-01 23:55:00
2026-04-01,SKU01127,WH003,169,ERP,2026-04-01 23:55:00
2026-04-01,SKU01127,WH004,69,ERP,2026-04-01 23:55:00
2026-04-01,SKU01128,WH001,129,ERP,2026-04-01 23:55:00
2026-04-01,SKU01128,WH002,149,ERP,2026-04-01 23:55:00
2026-04-01,SKU01128,WH003,190,ERP,2026-04-01 23:55:00
2026-04-01,SKU01128,WH004,69,ERP,2026-04-01 23:55:00
2026-04-01,SKU01129,WH001,153,ERP,2026-04-01 23:55:00
2026-04-01,SKU01129,WH002,177,ERP,2026-04-01 23:55:00
2026-04-01,SKU01129,WH003,184,ERP,2026-04-01 23:55:00
2026-04-01,SKU01129,WH004,86,ERP,2026-04-01 23:55:00
2026-04-01,SKU01130,WH001,112,ERP,2026-04-01 23:55:00
2026-04-01,SKU01130,WH002,102,ERP,2026-04-01 23:55:00
2026-04-01,SKU01130,WH003,55,ERP,2026-04-01 23:55:00
2026-04-01,SKU01130,WH004,74,ERP,2026-04-01 23:55:00
2026-04-01,SKU01131,WH001,102,ERP,2026-04-01 23:55:00
2026-04-01,SKU01131,WH002,180,ERP,2026-04-01 23:55:00
2026-04-01,SKU01131,WH003,185,ERP,2026-04-01 23:55:00
2026-04-01,SKU01131,WH004,72,ERP,2026-04-01 23:55:00
2026-04-01,SKU01132,WH001,176,ERP,2026-04-01 23:55:00
2026-04-01,SKU01132,WH002,114,ERP,2026-04-01 23:55:00
2026-04-01,SKU01132,WH003,200,ERP,2026-04-01 23:55:00
2026-04-01,SKU01132,WH004,199,ERP,2026-04-01 23:55:00
2026-04-01,SKU01133,WH001,128,ERP,2026-04-01 23:55:00
2026-04-01,SKU01133,WH002,168,ERP,2026-04-01 23:55:00
2026-04-01,SKU01133,WH003,206,ERP,2026-04-01 23:55:00
2026-04-01,SKU01133,WH004,121,ERP,2026-04-01 23:55:00
2026-04-01,SKU01134,WH001,148,ERP,2026-04-01 23:55:00
2026-04-01,SKU01134,WH002,153,ERP,2026-04-01 23:55:00
2026-04-01,SKU01134,WH003,128,ERP,2026-04-01 23:55:00
2026-04-01,SKU01134,WH004,153,ERP,2026-04-01 23:55:00
2026-04-01,SKU01135,WH001,193,ERP,2026-04-01 23:55:00
2026-04-01,SKU01135,WH002,81,ERP,2026-04-01 23:55:00
2026-04-01,SKU01135,WH003,110,ERP,2026-04-01 23:55:00
2026-04-01,SKU01135,WH004,89,ERP,2026-04-01 23:55:00
2026-04-01,SKU01136,WH002,95,ERP,2026-04-01 23:55:00
2026-04-01,SKU01136,WH003,180,ERP,2026-04-01 23:55:00
2026-04-01,SKU01136,WH004,141,ERP,2026-04-01 23:55:00
2026-04-01,SKU01137,WH001,132,ERP,2026-04-01 23:55:00
2026-04-01,SKU01137,WH002,114,ERP,2026-04-01 23:55:00
2026-04-01,SKU01137,WH003,181,ERP,2026-04-01 23:55:00
2026-04-01,SKU01137,WH004,166,ERP,2026-04-01 23:55:00
2026-04-01,SKU01138,WH001,141,ERP,2026-04-01 23:55:00
2026-04-01,SKU01138,WH002,63,ERP,2026-04-01 23:55:00
2026-04-01,SKU01138,WH003,195,ERP,2026-04-01 23:55:00
2026-04-01,SKU01138,WH004,90,ERP,2026-04-01 23:55:00
2026-04-01,SKU01139,WH001,104,ERP,2026-04-01 23:55:00
2026-04-01,SKU01139,WH002,121,ERP,2026-04-01 23:55:00
2026-04-01,SKU01139,WH003,134,ERP,2026-04-01 23:55:00
2026-04-01,SKU01139,WH004,164,ERP,2026-04-01 23:55:00
2026-04-01,SKU01140,WH001,105,ERP,2026-04-01 23:55:00
2026-04-01,SKU01140,WH002,187,ERP,2026-04-01 23:55:00
2026-04-01,SKU01140,WH003,131,ERP,2026-04-01 23:55:00
2026-04-01,SKU01140,WH004,92,ERP,2026-04-01 23:55:00
2026-04-01,SKU01141,WH001,129,ERP,2026-04-01 23:55:00
2026-04-01,SKU01141,WH002,82,ERP,2026-04-01 23:55:00
2026-04-01,SKU01141,WH003,55,ERP,2026-04-01 23:55:00
2026-04-01,SKU01141,WH004,191,ERP,2026-04-01 23:55:00
2026-04-01,SKU01142,WH001,104,ERP,2026-04-01 23:55:00
2026-04-01,SKU01142,WH002,60,ERP,2026-04-01 23:55:00
2026-04-01,SKU01142,WH003,200,ERP,2026-04-01 23:55:00
2026-04-01,SKU01142,WH004,63,ERP,2026-04-01 23:55:00
2026-04-01,SKU01143,WH001,187,ERP,2026-04-01 23:55:00
2026-04-01,SKU01143,WH002,193,ERP,2026-04-01 23:55:00
2026-04-01,SKU01143,WH003,106,ERP,2026-04-01 23:55:00
2026-04-01,SKU01143,WH004,76,ERP,2026-04-01 23:55:00
2026-04-01,SKU01144,WH001,68,ERP,2026-04-01 23:55:00
2026-04-01,SKU01144,WH002,58,ERP,2026-04-01 23:55:00
2026-04-01,SKU01144,WH003,69,ERP,2026-04-01 23:55:00
2026-04-01,SKU01144,WH004,88,ERP,2026-04-01 23:55:00
2026-04-01,SKU01145,WH001,75,ERP,2026-04-01 23:55:00
2026-04-01,SKU01145,WH002,196,ERP,2026-04-01 23:55:00
2026-04-01,SKU01145,WH003,89,ERP,2026-04-01 23:55:00
2026-04-01,SKU01145,WH004,105,ERP,2026-04-01 23:55:00
2026-04-01,SKU01146,WH001,193,ERP,2026-04-01 23:55:00
2026-04-01,SKU01146,WH002,147,ERP,2026-04-01 23:55:00
2026-04-01,SKU01146,WH003,189,ERP,2026-04-01 23:55:00
2026-04-01,SKU01146,WH004,75,ERP,2026-04-01 23:55:00
2026-04-01,SKU01147,WH001,114,ERP,2026-04-01 23:55:00
2026-04-01,SKU01147,WH002,128,ERP,2026-04-01 23:55:00
2026-04-01,SKU01147,WH003,160,ERP,2026-04-01 23:55:00
2026-04-01,SKU01147,WH004,69,ERP,2026-04-01 23:55:00
2026-04-01,SKU01148,WH001,174,ERP,2026-04-01 23:55:00
2026-04-01,SKU01148,WH002,89,ERP,2026-04-01 23:55:00
2026-04-01,SKU01148,WH003,181,ERP,2026-04-01 23:55:00
2026-04-01,SKU01148,WH004,199,ERP,2026-04-01 23:55:00
2026-04-01,SKU01149,WH001,99,ERP,2026-04-01 23:55:00
2026-04-01,SKU01149,WH002,178,ERP,2026-04-01 23:55:00
2026-04-01,SKU01149,WH003,198,ERP,2026-04-01 23:55:00
2026-04-01,SKU01149,WH004,170,ERP,2026-04-01 23:55:00
2026-04-01,SKU01150,WH001,182,ERP,2026-04-01 23:55:00
2026-04-01,SKU01150,WH002,184,ERP,2026-04-01 23:55:00
2026-04-01,SKU01150,WH003,87,ERP,2026-04-01 23:55:00
2026-04-01,SKU01150,WH004,198,ERP,2026-04-01 23:55:00
2026-04-01,SKU01151,WH001,170,ERP,2026-04-01 23:55:00
2026-04-01,SKU01151,WH002,182,ERP,2026-04-01 23:55:00
2026-04-01,SKU01151,WH003,71,ERP,2026-04-01 23:55:00
2026-04-01,SKU01151,WH004,163,ERP,2026-04-01 23:55:00
2026-04-01,SKU01152,WH001,59,ERP,2026-04-01 23:55:00
2026-04-01,SKU01152,WH002,170,ERP,2026-04-01 23:55:00
2026-04-01,SKU01152,WH003,69,ERP,2026-04-01 23:55:00
2026-04-01,SKU01152,WH004,100,ERP,2026-04-01 23:55:00
2026-04-01,SKU01153,WH001,136,ERP,2026-04-01 23:55:00
2026-04-01,SKU01153,WH002,127,ERP,2026-04-01 23:55:00
2026-04-01,SKU01153,WH003,169,ERP,2026-04-01 23:55:00
2026-04-01,SKU01153,WH004,160,ERP,2026-04-01 23:55:00
2026-04-01,SKU01154,WH001,116,ERP,2026-04-01 23:55:00
2026-04-01,SKU01154,WH002,75,ERP,2026-04-01 23:55:00
2026-04-01,SKU01154,WH003,151,ERP,2026-04-01 23:55:00
2026-04-01,SKU01154,WH004,185,ERP,2026-04-01 23:55:00
2026-04-01,SKU01155,WH001,180,ERP,2026-04-01 23:55:00
2026-04-01,SKU01155,WH002,168,ERP,2026-04-01 23:55:00
2026-04-01,SKU01155,WH003,111,ERP,2026-04-01 23:55:00
2026-04-01,SKU01156,WH001,183,ERP,2026-04-01 23:55:00
2026-04-01,SKU01156,WH002,78,ERP,2026-04-01 23:55:00
2026-04-01,SKU01156,WH003,92,ERP,2026-04-01 23:55:00
2026-04-01,SKU01156,WH004,174,ERP,2026-04-01 23:55:00
2026-04-01,SKU01157,WH001,62,ERP,2026-04-01 23:55:00
2026-04-01,SKU01157,WH002,89,ERP,2026-04-01 23:55:00
2026-04-01,SKU01157,WH003,82,ERP,2026-04-01 23:55:00
2026-04-01,SKU01157,WH004,108,ERP,2026-04-01 23:55:00
2026-04-01,SKU01158,WH001,90,ERP,2026-04-01 23:55:00
2026-04-01,SKU01158,WH002,72,ERP,2026-04-01 23:55:00
2026-04-01,SKU01158,WH003,162,ERP,2026-04-01 23:55:00
2026-04-01,SKU01158,WH004,52,ERP,2026-04-01 23:55:00
2026-04-01,SKU01159,WH001,188,ERP,2026-04-01 23:55:00
2026-04-01,SKU01159,WH002,162,ERP,2026-04-01 23:55:00
2026-04-01,SKU01159,WH003,150,ERP,2026-04-01 23:55:00
2026-04-01,SKU01159,WH004,182,ERP,2026-04-01 23:55:00
2026-04-01,SKU01160,WH001,73,ERP,2026-04-01 23:55:00
2026-04-01,SKU01160,WH002,189,ERP,2026-04-01 23:55:00
2026-04-01,SKU01160,WH003,195,ERP,2026-04-01 23:55:00
2026-04-01,SKU01160,WH004,143,ERP,2026-04-01 23:55:00
2026-04-01,SKU01161,WH001,138,ERP,2026-04-01 23:55:00
2026-04-01,SKU01161,WH002,150,ERP,2026-04-01 23:55:00
2026-04-01,SKU01161,WH003,192,ERP,2026-04-01 23:55:00
2026-04-01,SKU01161,WH004,112,ERP,2026-04-01 23:55:00
2026-04-01,SKU01162,WH001,156,ERP,2026-04-01 23:55:00
2026-04-01,SKU01162,WH002,114,ERP,2026-04-01 23:55:00
2026-04-01,SKU01162,WH003,165,ERP,2026-04-01 23:55:00
2026-04-01,SKU01162,WH004,85,ERP,2026-04-01 23:55:00
2026-04-01,SKU01163,WH001,64,ERP,2026-04-01 23:55:00
2026-04-01,SKU01163,WH002,108,ERP,2026-04-01 23:55:00
2026-04-01,SKU01163,WH003,183,ERP,2026-04-01 23:55:00
2026-04-01,SKU01163,WH004,196,ERP,2026-04-01 23:55:00
2026-04-01,SKU01164,WH001,164,ERP,2026-04-01 23:55:00
2026-04-01,SKU01164,WH002,82,ERP,2026-04-01 23:55:00
2026-04-01,SKU01164,WH003,179,ERP,2026-04-01 23:55:00
2026-04-01,SKU01164,WH004,83,ERP,2026-04-01 23:55:00
2026-04-01,SKU01165,WH001,172,ERP,2026-04-01 23:55:00
2026-04-01,SKU01165,WH002,140,ERP,2026-04-01 23:55:00
2026-04-01,SKU01165,WH003,153,ERP,2026-04-01 23:55:00
2026-04-01,SKU01165,WH004,195,ERP,2026-04-01 23:55:00
2026-04-01,SKU01166,WH001,89,ERP,2026-04-01 23:55:00
2026-04-01,SKU01166,WH002,173,ERP,2026-04-01 23:55:00
2026-04-01,SKU01166,WH003,196,ERP,2026-04-01 23:55:00
2026-04-01,SKU01166,WH004,112,ERP,2026-04-01 23:55:00
2026-04-01,SKU01167,WH001,178,ERP,2026-04-01 23:55:00
2026-04-01,SKU01167,WH002,54,ERP,2026-04-01 23:55:00
2026-04-01,SKU01167,WH003,194,ERP,2026-04-01 23:55:00
2026-04-01,SKU01167,WH004,115,ERP,2026-04-01 23:55:00
2026-04-01,SKU01168,WH001,124,ERP,2026-04-01 23:55:00
2026-04-01,SKU01168,WH002,134,ERP,2026-04-01 23:55:00
2026-04-01,SKU01168,WH003,147,ERP,2026-04-01 23:55:00
2026-04-01,SKU01168,WH004,177,ERP,2026-04-01 23:55:00
2026-04-01,SKU01169,WH001,123,ERP,2026-04-01 23:55:00
2026-04-01,SKU01169,WH002,69,ERP,2026-04-01 23:55:00
2026-04-01,SKU01169,WH003,163,ERP,2026-04-01 23:55:00
2026-04-01,SKU01169,WH004,113,ERP,2026-04-01 23:55:00
2026-04-01,SKU01170,WH001,171,ERP,2026-04-01 23:55:00
2026-04-01,SKU01170,WH002,100,ERP,2026-04-01 23:55:00
2026-04-01,SKU01170,WH003,167,ERP,2026-04-01 23:55:00
2026-04-01,SKU01170,WH004,106,ERP,2026-04-01 23:55:00
2026-04-01,SKU01171,WH001,58,ERP,2026-04-01 23:55:00
2026-04-01,SKU01171,WH002,61,ERP,2026-04-01 23:55:00
2026-04-01,SKU01171,WH003,106,ERP,2026-04-01 23:55:00
2026-04-01,SKU01171,WH004,84,ERP,2026-04-01 23:55:00
2026-04-01,SKU01172,WH001,196,ERP,2026-04-01 23:55:00
2026-04-01,SKU01172,WH002,149,ERP,2026-04-01 23:55:00
2026-04-01,SKU01172,WH003,126,ERP,2026-04-01 23:55:00
2026-04-01,SKU01172,WH004,193,ERP,2026-04-01 23:55:00
2026-04-01,SKU01173,WH001,137,ERP,2026-04-01 23:55:00
2026-04-01,SKU01173,WH002,136,ERP,2026-04-01 23:55:00
2026-04-01,SKU01173,WH003,151,ERP,2026-04-01 23:55:00
2026-04-01,SKU01173,WH004,195,ERP,2026-04-01 23:55:00
2026-04-01,SKU01174,WH001,199,ERP,2026-04-01 23:55:00
2026-04-01,SKU01174,WH002,116,ERP,2026-04-01 23:55:00
2026-04-01,SKU01174,WH003,90,ERP,2026-04-01 23:55:00
2026-04-01,SKU01174,WH004,117,ERP,2026-04-01 23:55:00
2026-04-01,SKU01175,WH001,146,ERP,2026-04-01 23:55:00
2026-04-01,SKU01175,WH002,175,ERP,2026-04-01 23:55:00
2026-04-01,SKU01175,WH003,139,ERP,2026-04-01 23:55:00
2026-04-01,SKU01175,WH004,97,ERP,2026-04-01 23:55:00
2026-04-01,SKU01176,WH001,156,ERP,2026-04-01 23:55:00
2026-04-01,SKU01176,WH002,151,ERP,2026-04-01 23:55:00
2026-04-01,SKU01176,WH003,181,ERP,2026-04-01 23:55:00
2026-04-01,SKU01176,WH004,70,ERP,2026-04-01 23:55:00
2026-04-01,SKU01177,WH001,192,ERP,2026-04-01 23:55:00
2026-04-01,SKU01177,WH002,180,ERP,2026-04-01 23:55:00
2026-04-01,SKU01177,WH003,81,ERP,2026-04-01 23:55:00
2026-04-01,SKU01177,WH004,53,ERP,2026-04-01 23:55:00
2026-04-01,SKU01178,WH001,136,ERP,2026-04-01 23:55:00
2026-04-01,SKU01178,WH002,95,ERP,2026-04-01 23:55:00
2026-04-01,SKU01178,WH003,111,ERP,2026-04-01 23:55:00
2026-04-01,SKU01178,WH004,61,ERP,2026-04-01 23:55:00
2026-04-01,SKU01179,WH001,49,ERP,2026-04-01 23:55:00
2026-04-01,SKU01179,WH002,107,ERP,2026-04-01 23:55:00
2026-04-01,SKU01179,WH003,118,ERP,2026-04-01 23:55:00
2026-04-01,SKU01179,WH004,96,ERP,2026-04-01 23:55:00
2026-04-01,SKU01180,WH001,64,ERP,2026-04-01 23:55:00
2026-04-01,SKU01180,WH002,70,ERP,2026-04-01 23:55:00
2026-04-01,SKU01180,WH003,80,ERP,2026-04-01 23:55:00
2026-04-01,SKU01180,WH004,74,ERP,2026-04-01 23:55:00
2026-04-01,SKU01181,WH001,195,ERP,2026-04-01 23:55:00
2026-04-01,SKU01181,WH002,188,ERP,2026-04-01 23:55:00
2026-04-01,SKU01181,WH003,96,ERP,2026-04-01 23:55:00
2026-04-01,SKU01181,WH004,181,ERP,2026-04-01 23:55:00
2026-04-01,SKU01182,WH001,83,ERP,2026-04-01 23:55:00
2026-04-01,SKU01182,WH003,127,ERP,2026-04-01 23:55:00
2026-04-01,SKU01182,WH004,161,ERP,2026-04-01 23:55:00
2026-04-01,SKU01183,WH001,127,ERP,2026-04-01 23:55:00
2026-04-01,SKU01183,WH002,95,ERP,2026-04-01 23:55:00
2026-04-01,SKU01183,WH003,104,ERP,2026-04-01 23:55:00
2026-04-01,SKU01183,WH004,71,ERP,2026-04-01 23:55:00
2026-04-01,SKU01184,WH001,93,ERP,2026-04-01 23:55:00
2026-04-01,SKU01184,WH002,89,ERP,2026-04-01 23:55:00
2026-04-01,SKU01184,WH003,84,ERP,2026-04-01 23:55:00
2026-04-01,SKU01184,WH004,124,ERP,2026-04-01 23:55:00
2026-04-01,SKU01185,WH001,51,ERP,2026-04-01 23:55:00
2026-04-01,SKU01185,WH002,149,ERP,2026-04-01 23:55:00
2026-04-01,SKU01185,WH003,111,ERP,2026-04-01 23:55:00
2026-04-01,SKU01185,WH004,120,ERP,2026-04-01 23:55:00
2026-04-01,SKU01186,WH001,135,ERP,2026-04-01 23:55:00
2026-04-01,SKU01186,WH002,60,ERP,2026-04-01 23:55:00
2026-04-01,SKU01186,WH004,67,ERP,2026-04-01 23:55:00
2026-04-01,SKU01187,WH001,93,ERP,2026-04-01 23:55:00
2026-04-01,SKU01187,WH002,163,ERP,2026-04-01 23:55:00
2026-04-01,SKU01187,WH003,153,ERP,2026-04-01 23:55:00
2026-04-01,SKU01187,WH004,130,ERP,2026-04-01 23:55:00
2026-04-01,SKU01188,WH001,87,ERP,2026-04-01 23:55:00
2026-04-01,SKU01188,WH002,194,ERP,2026-04-01 23:55:00
2026-04-01,SKU01188,WH003,150,ERP,2026-04-01 23:55:00
2026-04-01,SKU01188,WH004,173,ERP,2026-04-01 23:55:00
2026-04-01,SKU01189,WH001,181,ERP,2026-04-01 23:55:00
2026-04-01,SKU01189,WH002,91,ERP,2026-04-01 23:55:00
2026-04-01,SKU01189,WH003,148,ERP,2026-04-01 23:55:00
2026-04-01,SKU01189,WH004,70,ERP,2026-04-01 23:55:00
2026-04-01,SKU01190,WH001,173,ERP,2026-04-01 23:55:00
2026-04-01,SKU01190,WH002,91,ERP,2026-04-01 23:55:00
2026-04-01,SKU01190,WH003,185,ERP,2026-04-01 23:55:00
2026-04-01,SKU01190,WH004,80,ERP,2026-04-01 23:55:00
2026-04-01,SKU01191,WH001,165,ERP,2026-04-01 23:55:00
2026-04-01,SKU01191,WH003,142,ERP,2026-04-01 23:55:00
2026-04-01,SKU01191,WH004,168,ERP,2026-04-01 23:55:00
2026-04-01,SKU01192,WH001,73,ERP,2026-04-01 23:55:00
2026-04-01,SKU01192,WH002,120,ERP,2026-04-01 23:55:00
2026-04-01,SKU01192,WH003,189,ERP,2026-04-01 23:55:00
2026-04-01,SKU01192,WH004,115,ERP,2026-04-01 23:55:00
2026-04-01,SKU01193,WH001,150,ERP,2026-04-01 23:55:00
2026-04-01,SKU01193,WH002,79,ERP,2026-04-01 23:55:00
2026-04-01,SKU01193,WH003,53,ERP,2026-04-01 23:55:00
2026-04-01,SKU01193,WH004,129,ERP,2026-04-01 23:55:00
2026-04-01,SKU01194,WH001,173,ERP,2026-04-01 23:55:00
2026-04-01,SKU01194,WH002,124,ERP,2026-04-01 23:55:00
2026-04-01,SKU01194,WH004,98,ERP,2026-04-01 23:55:00
2026-04-01,SKU01195,WH001,194,ERP,2026-04-01 23:55:00
2026-04-01,SKU01195,WH002,187,ERP,2026-04-01 23:55:00
2026-04-01,SKU01195,WH003,95,ERP,2026-04-01 23:55:00
2026-04-01,SKU01195,WH004,54,ERP,2026-04-01 23:55:00
2026-04-01,SKU01196,WH001,146,ERP,2026-04-01 23:55:00
2026-04-01,SKU01196,WH002,182,ERP,2026-04-01 23:55:00
2026-04-01,SKU01196,WH003,131,ERP,2026-04-01 23:55:00
2026-04-01,SKU01196,WH004,190,ERP,2026-04-01 23:55:00
2026-04-01,SKU01197,WH001,99,ERP,2026-04-01 23:55:00
2026-04-01,SKU01197,WH002,107,ERP,2026-04-01 23:55:00
2026-04-01,SKU01197,WH003,93,ERP,2026-04-01 23:55:00
2026-04-01,SKU01197,WH004,65,ERP,2026-04-01 23:55:00
2026-04-01,SKU01198,WH001,67,ERP,2026-04-01 23:55:00
2026-04-01,SKU01198,WH002,60,ERP,2026-04-01 23:55:00
2026-04-01,SKU01198,WH003,107,ERP,2026-04-01 23:55:00
2026-04-01,SKU01198,WH004,59,ERP,2026-04-01 23:55:00
2026-04-01,SKU01199,WH001,153,ERP,2026-04-01 23:55:00
2026-04-01,SKU01199,WH002,102,ERP,2026-04-01 23:55:00
2026-04-01,SKU01199,WH003,104,ERP,2026-04-01 23:55:00
2026-04-01,SKU01199,WH004,74,ERP,2026-04-01 23:55:00
2026-04-01,SKU01200,WH001,192,ERP,2026-04-01 23:55:00
2026-04-01,SKU01200,WH003,98,ERP,2026-04-01 23:55:00
2026-04-01,SKU01200,WH004,182,ERP,2026-04-01 23:55:00
2026-04-01,SKU01201,WH001,77,ERP,2026-04-01 23:55:00
2026-04-01,SKU01201,WH002,122,ERP,2026-04-01 23:55:00
2026-04-01,SKU01201,WH003,152,ERP,2026-04-01 23:55:00
2026-04-01,SKU01201,WH004,172,ERP,2026-04-01 23:55:00
2026-04-01,SKU01202,WH001,130,ERP,2026-04-01 23:55:00
2026-04-01,SKU01202,WH002,92,ERP,2026-04-01 23:55:00
2026-04-01,SKU01202,WH003,164,ERP,2026-04-01 23:55:00
2026-04-01,SKU01202,WH004,102,ERP,2026-04-01 23:55:00
2026-04-01,SKU01203,WH001,135,ERP,2026-04-01 23:55:00
2026-04-01,SKU01203,WH002,130,ERP,2026-04-01 23:55:00
2026-04-01,SKU01203,WH003,107,ERP,2026-04-01 23:55:00
2026-04-01,SKU01203,WH004,161,ERP,2026-04-01 23:55:00
2026-04-01,SKU01204,WH001,82,ERP,2026-04-01 23:55:00
2026-04-01,SKU01204,WH002,120,ERP,2026-04-01 23:55:00
2026-04-01,SKU01204,WH003,133,ERP,2026-04-01 23:55:00
2026-04-01,SKU01204,WH004,77,ERP,2026-04-01 23:55:00
2026-04-01,SKU01205,WH001,109,ERP,2026-04-01 23:55:00
2026-04-01,SKU01205,WH002,189,ERP,2026-04-01 23:55:00
2026-04-01,SKU01205,WH003,130,ERP,2026-04-01 23:55:00
2026-04-01,SKU01205,WH004,181,ERP,2026-04-01 23:55:00
2026-04-01,SKU01206,WH001,193,ERP,2026-04-01 23:55:00
2026-04-01,SKU01206,WH002,177,ERP,2026-04-01 23:55:00
2026-04-01,SKU01206,WH003,78,ERP,2026-04-01 23:55:00
2026-04-01,SKU01206,WH004,121,ERP,2026-04-01 23:55:00
2026-04-01,SKU01207,WH001,134,ERP,2026-04-01 23:55:00
2026-04-01,SKU01207,WH002,188,ERP,2026-04-01 23:55:00
2026-04-01,SKU01207,WH003,197,ERP,2026-04-01 23:55:00
2026-04-01,SKU01207,WH004,159,ERP,2026-04-01 23:55:00
2026-04-01,SKU01208,WH001,78,ERP,2026-04-01 23:55:00
2026-04-01,SKU01208,WH002,195,ERP,2026-04-01 23:55:00
2026-04-01,SKU01208,WH003,55,ERP,2026-04-01 23:55:00
2026-04-01,SKU01208,WH004,74,ERP,2026-04-01 23:55:00
2026-04-01,SKU01209,WH001,60,ERP,2026-04-01 23:55:00
2026-04-01,SKU01209,WH002,195,ERP,2026-04-01 23:55:00
2026-04-01,SKU01209,WH003,160,ERP,2026-04-01 23:55:00
2026-04-01,SKU01209,WH004,81,ERP,2026-04-01 23:55:00
2026-04-01,SKU01210,WH001,152,ERP,2026-04-01 23:55:00
2026-04-01,SKU01210,WH002,125,ERP,2026-04-01 23:55:00
2026-04-01,SKU01210,WH003,195,ERP,2026-04-01 23:55:00
2026-04-01,SKU01210,WH004,53,ERP,2026-04-01 23:55:00
2026-04-01,SKU01211,WH001,86,ERP,2026-04-01 23:55:00
2026-04-01,SKU01211,WH002,81,ERP,2026-04-01 23:55:00
2026-04-01,SKU01211,WH003,53,ERP,2026-04-01 23:55:00
2026-04-01,SKU01211,WH004,167,ERP,2026-04-01 23:55:00
2026-04-01,SKU01212,WH001,153,ERP,2026-04-01 23:55:00
2026-04-01,SKU01212,WH002,184,ERP,2026-04-01 23:55:00
2026-04-01,SKU01212,WH004,183,ERP,2026-04-01 23:55:00
2026-04-01,SKU01213,WH001,163,ERP,2026-04-01 23:55:00
2026-04-01,SKU01213,WH002,175,ERP,2026-04-01 23:55:00
2026-04-01,SKU01213,WH003,100,ERP,2026-04-01 23:55:00
2026-04-01,SKU01213,WH004,90,ERP,2026-04-01 23:55:00
2026-04-01,SKU01214,WH001,164,ERP,2026-04-01 23:55:00
2026-04-01,SKU01214,WH002,76,ERP,2026-04-01 23:55:00
2026-04-01,SKU01214,WH004,136,ERP,2026-04-01 23:55:00
2026-04-01,SKU01215,WH001,170,ERP,2026-04-01 23:55:00
2026-04-01,SKU01215,WH003,133,ERP,2026-04-01 23:55:00
2026-04-01,SKU01215,WH004,52,ERP,2026-04-01 23:55:00
2026-04-01,SKU01216,WH001,153,ERP,2026-04-01 23:55:00
2026-04-01,SKU01216,WH002,70,ERP,2026-04-01 23:55:00
2026-04-01,SKU01216,WH003,160,ERP,2026-04-01 23:55:00
2026-04-01,SKU01216,WH004,148,ERP,2026-04-01 23:55:00
2026-04-01,SKU01217,WH001,133,ERP,2026-04-01 23:55:00
2026-04-01,SKU01217,WH002,194,ERP,2026-04-01 23:55:00
2026-04-01,SKU01217,WH003,96,ERP,2026-04-01 23:55:00
2026-04-01,SKU01217,WH004,137,ERP,2026-04-01 23:55:00
2026-04-01,SKU01218,WH001,152,ERP,2026-04-01 23:55:00
2026-04-01,SKU01218,WH002,83,ERP,2026-04-01 23:55:00
2026-04-01,SKU01218,WH003,60,ERP,2026-04-01 23:55:00
2026-04-01,SKU01218,WH004,130,ERP,2026-04-01 23:55:00
2026-04-01,SKU01219,WH001,121,ERP,2026-04-01 23:55:00
2026-04-01,SKU01219,WH002,172,ERP,2026-04-01 23:55:00
2026-04-01,SKU01219,WH003,173,ERP,2026-04-01 23:55:00
2026-04-01,SKU01219,WH004,79,ERP,2026-04-01 23:55:00
2026-04-01,SKU01220,WH001,55,ERP,2026-04-01 23:55:00
2026-04-01,SKU01220,WH002,169,ERP,2026-04-01 23:55:00
2026-04-01,SKU01220,WH003,194,ERP,2026-04-01 23:55:00
2026-04-01,SKU01220,WH004,78,ERP,2026-04-01 23:55:00
2026-04-01,SKU01221,WH001,102,ERP,2026-04-01 23:55:00
2026-04-01,SKU01221,WH002,60,ERP,2026-04-01 23:55:00
2026-04-01,SKU01221,WH003,62,ERP,2026-04-01 23:55:00
2026-04-01,SKU01221,WH004,92,ERP,2026-04-01 23:55:00
2026-04-01,SKU01222,WH001,95,ERP,2026-04-01 23:55:00
2026-04-01,SKU01222,WH002,71,ERP,2026-04-01 23:55:00
2026-04-01,SKU01222,WH003,81,ERP,2026-04-01 23:55:00
2026-04-01,SKU01222,WH004,129,ERP,2026-04-01 23:55:00
2026-04-01,SKU01223,WH001,130,ERP,2026-04-01 23:55:00
2026-04-01,SKU01223,WH002,63,ERP,2026-04-01 23:55:00
2026-04-01,SKU01223,WH003,103,ERP,2026-04-01 23:55:00
2026-04-01,SKU01224,WH001,194,ERP,2026-04-01 23:55:00
2026-04-01,SKU01224,WH002,121,ERP,2026-04-01 23:55:00
2026-04-01,SKU01224,WH003,195,ERP,2026-04-01 23:55:00
2026-04-01,SKU01224,WH004,186,ERP,2026-04-01 23:55:00
2026-04-01,SKU01225,WH001,97,ERP,2026-04-01 23:55:00
2026-04-01,SKU01225,WH002,162,ERP,2026-04-01 23:55:00
2026-04-01,SKU01225,WH003,67,ERP,2026-04-01 23:55:00
2026-04-01,SKU01225,WH004,66,ERP,2026-04-01 23:55:00
2026-04-01,SKU01226,WH001,138,ERP,2026-04-01 23:55:00
2026-04-01,SKU01226,WH002,185,ERP,2026-04-01 23:55:00
2026-04-01,SKU01226,WH003,146,ERP,2026-04-01 23:55:00
2026-04-01,SKU01226,WH004,188,ERP,2026-04-01 23:55:00
2026-04-01,SKU01227,WH001,108,ERP,2026-04-01 23:55:00
2026-04-01,SKU01227,WH002,58,ERP,2026-04-01 23:55:00
2026-04-01,SKU01227,WH003,121,ERP,2026-04-01 23:55:00
2026-04-01,SKU01227,WH004,51,ERP,2026-04-01 23:55:00
2026-04-01,SKU01228,WH001,68,ERP,2026-04-01 23:55:00
2026-04-01,SKU01228,WH002,51,ERP,2026-04-01 23:55:00
2026-04-01,SKU01228,WH003,72,ERP,2026-04-01 23:55:00
2026-04-01,SKU01228,WH004,134,ERP,2026-04-01 23:55:00
2026-04-01,SKU01229,WH001,55,ERP,2026-04-01 23:55:00
2026-04-01,SKU01229,WH002,126,ERP,2026-04-01 23:55:00
2026-04-01,SKU01229,WH003,59,ERP,2026-04-01 23:55:00
2026-04-01,SKU01229,WH004,139,ERP,2026-04-01 23:55:00
2026-04-01,SKU01230,WH001,199,ERP,2026-04-01 23:55:00
2026-04-01,SKU01230,WH002,131,ERP,2026-04-01 23:55:00
2026-04-01,SKU01230,WH003,97,ERP,2026-04-01 23:55:00
2026-04-01,SKU01230,WH004,82,ERP,2026-04-01 23:55:00
2026-04-01,SKU01231,WH001,157,ERP,2026-04-01 23:55:00
2026-04-01,SKU01231,WH002,139,ERP,2026-04-01 23:55:00
2026-04-01,SKU01231,WH003,120,ERP,2026-04-01 23:55:00
2026-04-01,SKU01231,WH004,95,ERP,2026-04-01 23:55:00
2026-04-01,SKU01232,WH001,135,ERP,2026-04-01 23:55:00
2026-04-01,SKU01232,WH002,83,ERP,2026-04-01 23:55:00
2026-04-01,SKU01232,WH003,72,ERP,2026-04-01 23:55:00
2026-04-01,SKU01232,WH004,132,ERP,2026-04-01 23:55:00
2026-04-01,SKU01233,WH001,140,ERP,2026-04-01 23:55:00
2026-04-01,SKU01233,WH002,171,ERP,2026-04-01 23:55:00
2026-04-01,SKU01233,WH003,176,ERP,2026-04-01 23:55:00
2026-04-01,SKU01234,WH001,144,ERP,2026-04-01 23:55:00
2026-04-01,SKU01234,WH002,155,ERP,2026-04-01 23:55:00
2026-04-01,SKU01234,WH003,131,ERP,2026-04-01 23:55:00
2026-04-01,SKU01234,WH004,180,ERP,2026-04-01 23:55:00
2026-04-01,SKU01235,WH001,130,ERP,2026-04-01 23:55:00
2026-04-01,SKU01235,WH002,178,ERP,2026-04-01 23:55:00
2026-04-01,SKU01235,WH003,70,ERP,2026-04-01 23:55:00
2026-04-01,SKU01235,WH004,188,ERP,2026-04-01 23:55:00
2026-04-01,SKU01236,WH001,48,ERP,2026-04-01 23:55:00
2026-04-01,SKU01236,WH002,123,ERP,2026-04-01 23:55:00
2026-04-01,SKU01236,WH003,78,ERP,2026-04-01 23:55:00
2026-04-01,SKU01236,WH004,61,ERP,2026-04-01 23:55:00
2026-04-01,SKU01237,WH001,120,ERP,2026-04-01 23:55:00
2026-04-01,SKU01237,WH002,93,ERP,2026-04-01 23:55:00
2026-04-01,SKU01237,WH003,122,ERP,2026-04-01 23:55:00
2026-04-01,SKU01237,WH004,197,ERP,2026-04-01 23:55:00
2026-04-01,SKU01238,WH001,98,ERP,2026-04-01 23:55:00
2026-04-01,SKU01238,WH002,126,ERP,2026-04-01 23:55:00
2026-04-01,SKU01238,WH003,73,ERP,2026-04-01 23:55:00
2026-04-01,SKU01238,WH004,99,ERP,2026-04-01 23:55:00
2026-04-01,SKU01239,WH001,186,ERP,2026-04-01 23:55:00
2026-04-01,SKU01239,WH002,99,ERP,2026-04-01 23:55:00
2026-04-01,SKU01239,WH003,89,ERP,2026-04-01 23:55:00
2026-04-01,SKU01239,WH004,62,ERP,2026-04-01 23:55:00
2026-04-01,SKU01240,WH001,110,ERP,2026-04-01 23:55:00
2026-04-01,SKU01240,WH002,62,ERP,2026-04-01 23:55:00
2026-04-01,SKU01240,WH003,67,ERP,2026-04-01 23:55:00
2026-04-01,SKU01240,WH004,106,ERP,2026-04-01 23:55:00
2026-04-01,SKU01241,WH001,122,ERP,2026-04-01 23:55:00
2026-04-01,SKU01241,WH002,66,ERP,2026-04-01 23:55:00
2026-04-01,SKU01241,WH003,86,ERP,2026-04-01 23:55:00
2026-04-01,SKU01241,WH004,158,ERP,2026-04-01 23:55:00
2026-04-01,SKU01242,WH001,126,ERP,2026-04-01 23:55:00
2026-04-01,SKU01242,WH002,190,ERP,2026-04-01 23:55:00
2026-04-01,SKU01242,WH003,200,ERP,2026-04-01 23:55:00
2026-04-01,SKU01242,WH004,155,ERP,2026-04-01 23:55:00
2026-04-01,SKU01243,WH001,159,ERP,2026-04-01 23:55:00
2026-04-01,SKU01243,WH002,179,ERP,2026-04-01 23:55:00
2026-04-01,SKU01243,WH003,133,ERP,2026-04-01 23:55:00
2026-04-01,SKU01244,WH001,141,ERP,2026-04-01 23:55:00
2026-04-01,SKU01244,WH002,106,ERP,2026-04-01 23:55:00
2026-04-01,SKU01244,WH003,64,ERP,2026-04-01 23:55:00
2026-04-01,SKU01244,WH004,169,ERP,2026-04-01 23:55:00
2026-04-01,SKU01245,WH001,211,ERP,2026-04-01 23:55:00
2026-04-01,SKU01245,WH002,101,ERP,2026-04-01 23:55:00
2026-04-01,SKU01245,WH003,105,ERP,2026-04-01 23:55:00
2026-04-01,SKU01245,WH004,142,ERP,2026-04-01 23:55:00
2026-04-01,SKU01246,WH001,127,ERP,2026-04-01 23:55:00
2026-04-01,SKU01246,WH002,116,ERP,2026-04-01 23:55:00
2026-04-01,SKU01246,WH003,109,ERP,2026-04-01 23:55:00
2026-04-01,SKU01246,WH004,114,ERP,2026-04-01 23:55:00
2026-04-01,SKU01247,WH001,71,ERP,2026-04-01 23:55:00
2026-04-01,SKU01247,WH002,57,ERP,2026-04-01 23:55:00
2026-04-01,SKU01247,WH003,131,ERP,2026-04-01 23:55:00
2026-04-01,SKU01247,WH004,152,ERP,2026-04-01 23:55:00
2026-04-01,SKU01248,WH001,137,ERP,2026-04-01 23:55:00
2026-04-01,SKU01248,WH002,163,ERP,2026-04-01 23:55:00
2026-04-01,SKU01248,WH003,121,ERP,2026-04-01 23:55:00
2026-04-01,SKU01248,WH004,176,ERP,2026-04-01 23:55:00
2026-04-01,SKU01249,WH001,70,ERP,2026-04-01 23:55:00
2026-04-01,SKU01249,WH002,78,ERP,2026-04-01 23:55:00
2026-04-01,SKU01249,WH003,76,ERP,2026-04-01 23:55:00
2026-04-01,SKU01249,WH004,62,ERP,2026-04-01 23:55:00
2026-04-01,SKU01250,WH001,124,ERP,2026-04-01 23:55:00
2026-04-01,SKU01250,WH002,92,ERP,2026-04-01 23:55:00
2026-04-01,SKU01250,WH003,171,ERP,2026-04-01 23:55:00
2026-04-01,SKU01250,WH004,141,ERP,2026-04-01 23:55:00
2026-04-01,SKU01251,WH001,85,ERP,2026-04-01 23:55:00
2026-04-01,SKU01251,WH002,145,ERP,2026-04-01 23:55:00
2026-04-01,SKU01251,WH003,179,ERP,2026-04-01 23:55:00
2026-04-01,SKU01251,WH004,128,ERP,2026-04-01 23:55:00
2026-04-01,SKU01252,WH001,62,ERP,2026-04-01 23:55:00
2026-04-01,SKU01252,WH002,105,ERP,2026-04-01 23:55:00
2026-04-01,SKU01252,WH003,113,ERP,2026-04-01 23:55:00
2026-04-01,SKU01253,WH001,81,ERP,2026-04-01 23:55:00
2026-04-01,SKU01253,WH002,68,ERP,2026-04-01 23:55:00
2026-04-01,SKU01253,WH003,64,ERP,2026-04-01 23:55:00
2026-04-01,SKU01253,WH004,140,ERP,2026-04-01 23:55:00
2026-04-01,SKU01254,WH001,156,ERP,2026-04-01 23:55:00
2026-04-01,SKU01254,WH002,89,ERP,2026-04-01 23:55:00
2026-04-01,SKU01254,WH003,140,ERP,2026-04-01 23:55:00
