movement_id,movement_date,sku,warehouse_id,movement_type,quantity,reference_id,notes
MOV00001633,2026-04-02,SKU01167,WH001,sale_out,-1,TXN00010332,
MOV00001634,2026-04-02,SKU01148,WH001,sale_out,-1,TXN00010447,
MOV00001635,2026-04-02,SKU01172,WH003,sale_out,-2,TXN00010394,
MOV00001636,2026-04-02,SKU01092,WH003,sale_out,-1,TXN00010303,
MOV00001637,2026-04-02,SKU01205,WH001,sale_out,-1,TXN00010271,
MOV00001638,2026-04-02,SKU01249,WH003,sale_out,-1,TXN00010554,
MOV00001639,2026-04-02,SKU01084,WH001,sale_out,-1,TXN00010285,
MOV00001640,2026-04-02,SKU01119,WH001,sale_out,-1,TXN00010335,
MOV00001641,2026-04-02,SKU01136,WH004,sale_out,-1,TXN00010425,
MOV00001642,2026-04-02,SKU01191,WH004,sale_out,-1,TXN00010294,
MOV00001643,2026-04-02,SKU01237,WH004,sale_out,-1,TXN00010210,
MOV00001644,2026-04-02,SKU01227,WH004,sale_out,-1,TXN00010005,
MOV00001645,2026-04-02,SKU01211,WH001,sale_out,-1,TXN00010243,
MOV00001646,2026-04-02,SKU01154,WH002,sale_out,-1,TXN00010030,
MOV00001647,2026-04-02,SKU01226,WH004,sale_out,-1,TXN00010129,
MOV00001648,2026-04-02,SKU01025,WH001,sale_out,-1,TXN00010295,
MOV00001649,2026-04-02,SKU01207,WH004,sale_out,-1,TXN00010446,
MOV00001650,2026-04-02,SKU01242,WH001,sale_out,-1,TXN00010291,
MOV00001651,2026-04-02,SKU01243,WH002,sale_out,-3,TXN00010435,
MOV00001652,2026-04-02,SKU01041,WH001,sale_out,-1,TXN00010592,
MOV00001653,2026-04-02,SKU01060,WH001,sale_out,-1,TXN00010280,
MOV00001654,2026-04-02,SKU99001,WH001,sale_out,-1,TXN00010009,
MOV00001655,2026-04-02,SKU01145,WH001,sale_out,-1,TXN00010083,
MOV00001656,2026-04-02,SKU01077,WH004,sale_out,-1,TXN00010330,
MOV00001657,2026-04-02,SKU01212,WH001,sale_out,-1,TXN00010351,
MOV00001658,2026-04-02,SKU01084,WH003,sale_out,-1,TXN00010195,
MOV00001659,2026-04-02,SKU01172,WH001,sale_out,-2,TXN00010231,
MOV00001660,2026-04-02,SKU01053,WH002,sale_out,-1,TXN00010245,
MOV00001661,2026-04-02,SKU01202,WH001,sale_out,-1,TXN00010258,
MOV00001662,2026-04-02,SKU01030,WH004,sale_out,-1,TXN00010122,
MOV00001663,2026-04-02,SKU01102,WH001,sale_out,-3,TXN00010061,
MOV00001664,2026-04-02,SKU01206,WH001,sale_out,-1,TXN00010130,
MOV00001665,2026-04-02,SKU01128,WH003,sale_out,-1,TXN00010514,
MOV00001666,2026-04-02,SKU01023,WH001,sale_out,-1,TXN00010203,
MOV00001667,2026-04-02,SKU01195,WH001,sale_out,-1,TXN00010459,
MOV00001668,2026-04-02,SKU01121,WH003,sale_out,-1,TXN00010225,
MOV00001669,2026-04-02,SKU01117,WH002,sale_out,-1,TXN00010485,
MOV00001670,2026-04-02,SKU01047,WH001,sale_out,-1,TXN00010207,
MOV00001671,2026-04-02,SKU01201,WH001,sale_out,-1,TXN00010391,
MOV00001672,2026-04-02,SKU01096,WH002,sale_out,-1,TXN00010551,
MOV00001673,2026-04-02,SKU01205,WH004,sale_out,-2,TXN00010517,
MOV00001674,2026-04-02,SKU01178,WH002,sale_out,-1,TXN00010569,
MOV00001675,2026-04-02,SKU01197,WH001,sale_out,-1,TXN00010306,
MOV00001676,2026-04-02,SKU01054,WH004,sale_out,-1,TXN00010460,
MOV00001677,2026-04-02,SKU01115,WH001,sale_out,-1,TXN00010047,
MOV00001678,2026-04-02,SKU01090,WH001,sale_out,-1,TXN00010464,
MOV00001679,2026-04-02,SKU01190,WH001,sale_out,-1,TXN00010045,
MOV00001680,2026-04-02,SKU01010,WH002,sale_out,-1,TXN00010108,
MOV00001681,2026-04-02,SKU01063,WH001,sale_out,-2,TXN00010338,
MOV00001682,2026-04-02,SKU01022,WH004,sale_out,-1,TXN00010587,
MOV00001683,2026-04-02,SKU01230,WH004,sale_out,-1,TXN00010268,
MOV00001684,2026-04-02,SKU01012,WH004,sale_out,-3,TXN00010474,
MOV00001685,2026-04-02,SKU01184,WH004,sale_out,-3,TXN00010279,
MOV00001686,2026-04-02,SKU01212,WH004,sale_out,-2,TXN00010242,
MOV00001687,2026-04-02,SKU01212,WH001,sale_out,-1,TXN00010246,
MOV00001688,2026-04-02,SKU01128,WH004,sale_out,-3,TXN00010346,
MOV00001689,2026-04-02,SKU01134,WH003,sale_out,-2,TXN00010348,
MOV00001690,2026-04-02,SKU01060,WH001,sale_out,-1,TXN00010251,
MOV00001691,2026-04-02,SKU01074,WH002,sale_out,-2,TXN00010174,
MOV00001692,2026-04-02,SKU01048,WH001,sale_out,-1,TXN00010138,
MOV00001693,2026-04-02,SKU01233,WH001,sale_out,-1,TXN00010372,
MOV00001694,2026-04-02,SKU01093,WH003,sale_out,-1,TXN00010520,
MOV00001695,2026-04-02,SKU01196,WH004,sale_out,-1,TXN00010317,
MOV00001696,2026-04-02,SKU01237,WH001,sale_out,-1,TXN00010178,
MOV00001697,2026-04-02,SKU01046,WH004,sale_out,-1,TXN00010276,
MOV00001698,2026-04-02,SKU01165,WH001,sale_out,-1,TXN00010411,
MOV00001699,2026-04-02,SKU01072,WH001,sale_out,-1,TXN00010098,
MOV00001700,2026-04-02,SKU01056,WH001,receipt,1,TXN00010504,Customer return
MOV00001701,2026-04-02,SKU01038,WH001,sale_out,-1,TXN00010410,
MOV00001702,2026-04-02,SKU01107,WH001,sale_out,-1,TXN00010461,
MOV00001703,2026-04-02,SKU01049,WH002,sale_out,-1,TXN00010537,
MOV00001704,2026-04-02,SKU01112,WH004,sale_out,-3,TXN00010503,
MOV00001705,2026-04-02,SKU01218,WH001,sale_out,-2,TXN00010413,
MOV00001706,2026-04-02,SKU01234,WH001,sale_out,-3,TXN00010155,
MOV00001707,2026-04-02,SKU01148,WH004,sale_out,-1,TXN00010053,
MOV00001708,2026-04-02,SKU01076,WH001,sale_out,-1,TXN00010267,
MOV00001709,2026-04-02,SKU01180,WH001,sale_out,-1,TXN00010528,
MOV00001710,2026-04-02,SKU01222,WH002,sale_out,-1,TXN00010439,
MOV00001711,2026-04-02,SKU01222,WH001,sale_out,-1,TXN00010388,
MOV00001712,2026-04-02,SKU01134,WH001,receipt,1,TXN00010042,Customer return
MOV00001713,2026-04-02,SKU01077,WH001,sale_out,-1,TXN00010490,
MOV00001714,2026-04-02,SKU01236,WH004,sale_out,-1,TXN00010214,
MOV00001715,2026-04-02,SKU01160,WH004,sale_out,-1,TXN00010049,
MOV00001716,2026-04-02,SKU01037,WH003,sale_out,-1,TXN00010500,
MOV00001717,2026-04-02,SKU01233,WH004,sale_out,-1,TXN00010037,
MOV00001718,2026-04-02,SKU01233,WH001,sale_out,-1,TXN00010128,
MOV00001719,2026-04-02,SKU01053,WH002,sale_out,-1,TXN00010097,
MOV00001720,2026-04-02,SKU01244,WH001,sale_out,-1,TXN00010384,
MOV00001721,2026-04-02,SKU01164,WH001,sale_out,-2,TXN00010350,
MOV00001722,2026-04-02,SKU01114,WH003,sale_out,-1,TXN00010370,
MOV00001723,2026-04-02,SKU01182,WH001,sale_out,-1,TXN00010572,
MOV00001724,2026-04-02,SKU01098,WH001,sale_out,-1,TXN00010561,
MOV00001725,2026-04-02,SKU01179,WH003,sale_out,-1,TXN00010230,
MOV00001726,2026-04-02,SKU01150,WH001,sale_out,-1,TXN00010063,
MOV00001727,2026-04-02,SKU01015,WH001,receipt,1,TXN00010438,Customer return
MOV00001728,2026-04-02,SKU01235,WH001,sale_out,-1,TXN00010076,
MOV00001729,2026-04-02,SKU01086,WH002,sale_out,-1,TXN00010546,
MOV00001730,2026-04-02,SKU01199,WH003,sale_out,-1,TXN00010001,
MOV00001731,2026-04-02,SKU01161,WH001,sale_out,-1,TXN00010340,
MOV00001732,2026-04-02,SKU01037,WH004,sale_out,-1,TXN00010288,
MOV00001733,2026-04-02,SKU01150,WH001,sale_out,-1,TXN00010478,
MOV00001734,2026-04-02,SKU01040,WH003,sale_out,-1,TXN00010359,
MOV00001735,2026-04-02,SKU01229,WH001,sale_out,-1,TXN00010389,
MOV00001736,2026-04-02,SKU01061,WH001,sale_out,-1,TXN00010213,
MOV00001737,2026-04-02,SKU01020,WH001,sale_out,-2,TXN00010189,
MOV00001738,2026-04-02,SKU01087,WH004,sale_out,-1,TXN00010534,
MOV00001739,2026-04-02,SKU01178,WH001,sale_out,-1,TXN00010322,
MOV00001740,2026-04-02,SKU01191,WH003,sale_out,-1,TXN00010600,
MOV00001741,2026-04-02,SKU01128,WH003,sale_out,-1,TXN00010232,
MOV00001742,2026-04-02,SKU01086,WH003,sale_out,-1,TXN00010044,
MOV00001743,2026-04-02,SKU01241,WH001,sale_out,-1,TXN00010481,
MOV00001744,2026-04-02,SKU01224,WH001,sale_out,-1,TXN00010458,
MOV00001745,2026-04-02,SKU01209,WH003,sale_out,-1,TXN00010180,
MOV00001746,2026-04-02,SKU01228,WH003,receipt,1,TXN00010347,Customer return
MOV00001747,2026-04-02,SKU99000,WH003,sale_out,-3,TXN00010121,
MOV00001748,2026-04-02,SKU01178,WH003,sale_out,-1,TXN00010455,
MOV00001749,2026-04-02,SKU01174,WH001,sale_out,-1,TXN00010358,
MOV00001750,2026-04-02,SKU01035,WH001,sale_out,-1,TXN00010248,
MOV00001751,2026-04-02,SKU01068,WH004,sale_out,-2,TXN00010392,
MOV00001752,2026-04-02,SKU01186,WH003,sale_out,-1,TXN00010501,
MOV00001753,2026-04-02,SKU01028,WH004,sale_out,-3,TXN00010181,
MOV00001754,2026-04-02,SKU01020,WH002,sale_out,-1,TXN00010374,
MOV00001755,2026-04-02,SKU01157,WH004,sale_out,-1,TXN00010036,
MOV00001756,2026-04-02,SKU01115,WH001,sale_out,-1,TXN00010506,
MOV00001757,2026-04-02,SKU01237,WH001,sale_out,-1,TXN00010549,
MOV00001758,2026-04-02,SKU01060,WH001,sale_out,-1,TXN00010443,
MOV00001759,2026-04-02,SKU01066,WH001,sale_out,-1,TXN00010463,
MOV00001760,2026-04-02,SKU01079,WH001,sale_out,-1,TXN00010022,
MOV00001761,2026-04-02,SKU01221,WH003,sale_out,-1,TXN00010002,
MOV00001762,2026-04-02,SKU01168,WH001,sale_out,-3,TXN00010454,
MOV00001763,2026-04-02,SKU01178,WH001,sale_out,-1,TXN00010529,
MOV00001764,2026-04-02,SKU01033,WH004,sale_out,-1,TXN00010211,
MOV00001765,2026-04-02,SKU01001,WH001,sale_out,-1,TXN00010126,
MOV00001766,2026-04-02,SKU99000,WH001,sale_out,-2,TXN00010193,
MOV00001767,2026-04-02,SKU01092,WH001,sale_out,-1,TXN00010253,
MOV00001768,2026-04-02,SKU01024,WH002,sale_out,-1,TXN00010489,
MOV00001769,2026-04-02,SKU01228,WH001,sale_out,-1,TXN00010437,
MOV00001770,2026-04-02,SKU01012,WH001,sale_out,-1,TXN00010328,
MOV00001771,2026-04-02,SKU01246,WH001,sale_out,-2,TXN00010416,
MOV00001772,2026-04-02,SKU01226,WH002,sale_out,-1,TXN00010367,
MOV00001773,2026-04-02,SKU01252,WH001,sale_out,-1,TXN00010383,
MOV00001774,2026-04-02,SKU01128,WH002,sale_out,-1,TXN00010518,
MOV00001775,2026-04-02,SKU01046,WH001,sale_out,-2,TXN00010491,
MOV00001776,2026-04-02,SKU01037,WH001,receipt,1,TXN00010159,Customer return
MOV00001777,2026-04-02,SKU01014,WH001,sale_out,-1,TXN00010499,
MOV00001778,2026-04-02,SKU01086,WH003,sale_out,-1,TXN00010220,
MOV00001779,2026-04-02,SKU01043,WH001,sale_out,-2,TXN00010170,
MOV00001780,2026-04-02,SKU01174,WH001,sale_out,-3,TXN00010040,
MOV00001781,2026-04-02,SKU01232,WH001,sale_out,-2,TXN00010274,
MOV00001782,2026-04-02,SKU01157,WH001,sale_out,-1,TXN00010530,
MOV00001783,2026-04-02,SKU01184,WH001,sale_out,-3,TXN00010064,
MOV00001784,2026-04-02,SKU01042,WH002,sale_out,-1,TXN00010299,
MOV00001785,2026-04-02,SKU01038,WH002,sale_out,-1,TXN00010465,
MOV00001786,2026-04-02,SKU01128,WH004,sale_out,-1,TXN00010325,
MOV00001787,2026-04-02,SKU01067,WH004,sale_out,-2,TXN00010109,
MOV00001788,2026-04-02,SKU01053,WH001,sale_out,-2,TXN00010452,
MOV00001789,2026-04-02,SKU01090,WH002,sale_out,-1,TXN00010028,
MOV00001790,2026-04-02,SKU01172,WH001,sale_out,-1,TXN00010547,
MOV00001791,2026-04-02,SKU01088,WH001,sale_out,-1,TXN00010363,
MOV00001792,2026-04-02,SKU01124,WH001,sale_out,-2,TXN00010497,
MOV00001793,2026-04-02,SKU01042,WH004,sale_out,-1,TXN00010157,
MOV00001794,2026-04-02,SKU01192,WH001,sale_out,-1,TXN00010167,
MOV00001795,2026-04-02,SKU01047,WH001,sale_out,-1,TXN00010585,
MOV00001796,2026-04-02,SKU01052,WH001,sale_out,-3,TXN00010023,
MOV00001797,2026-04-02,SKU01023,WH003,sale_out,-1,TXN00010492,
MOV00001798,2026-04-02,SKU01122,WH001,sale_out,-3,TXN00010552,
MOV00001799,2026-04-02,SKU01115,WH003,sale_out,-1,TXN00010208,
MOV00001800,2026-04-02,SKU01002,WH001,sale_out,-3,TXN00010565,
MOV00001801,2026-04-02,SKU01133,WH001,receipt,1,TXN00010397,Customer return
MOV00001802,2026-04-02,SKU01016,WH004,sale_out,-1,TXN00010290,
MOV00001803,2026-04-02,SKU01070,WH001,sale_out,-1,TXN00010396,
MOV00001804,2026-04-02,SKU01021,WH002,sale_out,-2,TXN00010072,
MOV00001805,2026-04-02,SKU01070,WH001,sale_out,-1,TXN00010199,
MOV00001806,2026-04-02,SKU01152,WH003,sale_out,-1,TXN00010477,
MOV00001807,2026-04-02,SKU01243,WH004,sale_out,-1,TXN00010200,
MOV00001808,2026-04-02,SKU01234,WH001,sale_out,-1,TXN00010345,
MOV00001809,2026-04-02,SKU01245,WH003,sale_out,-1,TXN00010496,
MOV00001810,2026-04-02,SKU01042,WH003,sale_out,-1,TXN00010421,
MOV00001811,2026-04-02,SKU01213,WH003,sale_out,-2,TXN00010096,
MOV00001812,2026-04-02,SKU01014,WH001,sale_out,-1,TXN00010302,
MOV00001813,2026-04-02,SKU01087,WH003,receipt,1,TXN00010188,Customer return
MOV00001814,2026-04-02,SKU01009,WH002,sale_out,-2,TXN00010278,
MOV00001815,2026-04-02,SKU01143,WH002,sale_out,-1,TXN00010221,
MOV00001816,2026-04-02,SKU01226,WH001,sale_out,-2,TXN00010185,
MOV00001817,2026-04-02,SKU01059,WH001,receipt,1,TXN00010462,Customer return
MOV00001818,2026-04-02,SKU01175,WH001,receipt,1,TXN00010369,Customer return
MOV00001819,2026-04-02,SKU01059,WH004,sale_out,-1,TXN00010451,
MOV00001820,2026-04-02,SKU01018,WH004,sale_out,-1,TXN00010240,
MOV00001821,2026-04-02,SKU01173,WH001,sale_out,-1,TXN00010067,
MOV00001822,2026-04-02,SKU01218,WH001,sale_out,-1,TXN00010433,
MOV00001823,2026-04-02,SKU01010,WH001,sale_out,-1,TXN00010521,
MOV00001824,2026-04-02,SKU01244,WH001,sale_out,-3,TXN00010147,
MOV00001825,2026-04-02,SKU01007,WH001,sale_out,-1,TXN00010412,
MOV00001826,2026-04-02,SKU01213,WH001,sale_out,-1,TXN00010385,
MOV00001827,2026-04-02,SKU01139,WH003,sale_out,-1,TXN00010212,
MOV00001828,2026-04-02,SKU01034,WH001,sale_out,-1,TXN00010149,
MOV00001829,2026-04-02,SKU01087,WH004,sale_out,-2,TXN00010142,
MOV00001830,2026-04-02,SKU01225,WH004,sale_out,-1,TXN00010591,
MOV00001831,2026-04-02,SKU01117,WH003,sale_out,-1,TXN00010018,
MOV00001832,2026-04-02,SKU01172,WH004,sale_out,-1,TXN00010223,
MOV00001833,2026-04-02,SKU01182,WH003,sale_out,-1,TXN00010307,
MOV00001834,2026-04-02,SKU01026,WH001,sale_out,-1,TXN00010266,
MOV00001835,2026-04-02,SKU01139,WH001,sale_out,-1,TXN00010235,
MOV00001836,2026-04-02,SKU01008,WH004,sale_out,-1,TXN00010154,
MOV00001837,2026-04-02,SKU01007,WH004,sale_out,-3,TXN00010588,
MOV00001838,2026-04-02,SKU01121,WH001,sale_out,-1,TXN00010092,
MOV00001839,2026-04-02,SKU01121,WH001,sale_out,-1,TXN00010110,
MOV00001840,2026-04-02,SKU01118,WH001,receipt,1,TXN00010151,Customer return
MOV00001841,2026-04-02,SKU01226,WH004,sale_out,-2,TXN00010224,
MOV00001842,2026-04-02,SKU01086,WH001,sale_out,-1,TXN00010484,
MOV00001843,2026-04-02,SKU01176,WH003,sale_out,-2,TXN00010480,
MOV00001844,2026-04-02,SKU01071,WH004,sale_out,-1,TXN00010089,
MOV00001845,2026-04-02,SKU01006,WH001,sale_out,-1,TXN00010539,
MOV00001846,2026-04-02,SKU01198,WH001,sale_out,-1,TXN00010571,
MOV00001847,2026-04-02,SKU01227,WH003,sale_out,-1,TXN00010003,
MOV00001848,2026-04-02,SKU01093,WH001,sale_out,-1,TXN00010062,
MOV00001849,2026-04-02,SKU01033,WH003,sale_out,-1,TXN00010301,
MOV00001850,2026-04-02,SKU01063,WH001,sale_out,-1,TXN00010596,
MOV00001851,2026-04-02,SKU01150,WH003,sale_out,-1,TXN00010088,
MOV00001852,2026-04-02,SKU01004,WH004,sale_out,-1,TXN00010516,
MOV00001853,2026-04-02,SKU01245,WH004,sale_out,-1,TXN00010298,
MOV00001854,2026-04-02,SKU01233,WH003,sale_out,-1,TXN00010069,
MOV00001855,2026-04-02,SKU01142,WH001,sale_out,-1,TXN00010590,
MOV00001856,2026-04-02,SKU01199,WH001,sale_out,-1,TXN00010336,
MOV00001857,2026-04-02,SKU01252,WH001,sale_out,-1,TXN00010436,
MOV00001858,2026-04-02,SKU01205,WH002,sale_out,-1,TXN00010556,
MOV00001859,2026-04-02,SKU01071,WH001,sale_out,-1,TXN00010222,
MOV00001860,2026-04-02,SKU01159,WH002,sale_out,-1,TXN00010156,
MOV00001861,2026-04-02,SKU01085,WH003,sale_out,-3,TXN00010115,
MOV00001862,2026-04-02,SKU01047,WH003,sale_out,-1,TXN00010362,
MOV00001863,2026-04-02,SKU01143,WH001,sale_out,-1,TXN00010019,
MOV00001864,2026-04-02,SKU01122,WH001,sale_out,-1,TXN00010419,
MOV00001865,2026-04-02,SKU01165,WH002,sale_out,-1,TXN00010113,
MOV00001866,2026-04-02,SKU01027,WH001,sale_out,-1,TXN00010487,
MOV00001867,2026-04-02,SKU01018,WH003,sale_out,-1,TXN00010179,
MOV00001868,2026-04-02,SKU01226,WH001,sale_out,-1,TXN00010344,
MOV00001869,2026-04-02,SKU01044,WH001,sale_out,-1,TXN00010054,
MOV00001870,2026-04-02,SKU01091,WH003,sale_out,-1,TXN00010158,
MOV00001871,2026-04-02,SKU01232,WH003,sale_out,-2,TXN00010094,
MOV00001872,2026-04-02,SKU01015,WH001,sale_out,-1,TXN00010524,
MOV00001873,2026-04-02,SKU01077,WH002,sale_out,-1,TXN00010007,
MOV00001874,2026-04-02,SKU01149,WH004,sale_out,-1,TXN00010292,
MOV00001875,2026-04-02,SKU01054,WH001,sale_out,-2,TXN00010262,
MOV00001876,2026-04-02,SKU01126,WH001,sale_out,-2,TXN00010361,
MOV00001877,2026-04-02,SKU01050,WH001,sale_out,-2,TXN00010071,
MOV00001878,2026-04-02,SKU01061,WH003,sale_out,-1,TXN00010420,
MOV00001879,2026-04-02,SKU01184,WH001,sale_out,-2,TXN00010365,
MOV00001880,2026-04-02,SKU01100,WH003,sale_out,-1,TXN00010373,
MOV00001881,2026-04-02,SKU01156,WH001,sale_out,-2,TXN00010239,
MOV00001882,2026-04-02,SKU01093,WH001,sale_out,-1,TXN00010131,
MOV00001883,2026-04-02,SKU01195,WH002,sale_out,-2,TXN00010308,
MOV00001884,2026-04-02,SKU01203,WH003,sale_out,-1,TXN00010536,
MOV00001885,2026-04-02,SKU01252,WH001,sale_out,-1,TXN00010103,
MOV00001886,2026-04-02,SKU01247,WH001,sale_out,-1,TXN00010085,
MOV00001887,2026-04-02,SKU01155,WH004,sale_out,-1,TXN00010201,
MOV00001888,2026-04-02,SKU01181,WH004,sale_out,-1,TXN00010321,
MOV00001889,2026-04-02,SKU01224,WH004,sale_out,-1,TXN00010333,
MOV00001890,2026-04-02,SKU01219,WH001,sale_out,-1,TXN00010260,
MOV00001891,2026-04-02,SKU01033,WH001,sale_out,-1,TXN00010006,
MOV00001892,2026-04-02,SKU01021,WH003,sale_out,-1,TXN00010564,
MOV00001893,2026-04-02,SKU01044,WH001,sale_out,-1,TXN00010426,
MOV00001894,2026-04-02,SKU01174,WH003,sale_out,-1,TXN00010364,
MOV00001895,2026-04-02,SKU01040,WH001,sale_out,-1,TXN00010209,
MOV00001896,2026-04-02,SKU01090,WH001,sale_out,-1,TXN00010100,
MOV00001897,2026-04-02,SKU01130,WH001,sale_out,-1,TXN00010032,
MOV00001898,2026-04-02,SKU01249,WH004,sale_out,-2,TXN00010025,
MOV00001899,2026-04-02,SKU01211,WH004,sale_out,-2,TXN00010259,
MOV00001900,2026-04-02,SKU01189,WH004,sale_out,-1,TXN00010380,
MOV00001901,2026-04-02,SKU01034,WH001,sale_out,-1,TXN00010418,
MOV00001902,2026-04-02,SKU01140,WH003,sale_out,-1,TXN00010175,
MOV00001903,2026-04-02,SKU01074,WH001,sale_out,-1,TXN00010010,
MOV00001904,2026-04-02,SKU01120,WH001,sale_out,-1,TXN00010583,
MOV00001905,2026-04-02,SKU01084,WH003,sale_out,-1,TXN00010270,
MOV00001906,2026-04-02,SKU01182,WH003,sale_out,-1,TXN00010567,
MOV00001907,2026-04-02,SKU01048,WH001,sale_out,-1,TXN00010494,
MOV00001908,2026-04-02,SKU01155,WH002,sale_out,-1,TXN00010589,
MOV00001909,2026-04-02,SKU01212,WH002,sale_out,-1,TXN00010093,
MOV00001910,2026-04-02,SKU01067,WH001,sale_out,-1,TXN00010026,
MOV00001911,2026-04-02,SKU01032,WH001,sale_out,-1,TXN00010343,
MOV00001912,2026-04-02,SKU01064,WH001,sale_out,-1,TXN00010004,
MOV00001913,2026-04-02,SKU01227,WH004,sale_out,-1,TXN00010522,
MOV00001914,2026-04-02,SKU01241,WH002,sale_out,-2,TXN00010250,
MOV00001915,2026-04-02,SKU01045,WH001,sale_out,-2,TXN00010375,
MOV00001916,2026-04-02,SKU01230,WH001,sale_out,-1,TXN00010233,
MOV00001917,2026-04-02,SKU01155,WH002,sale_out,-1,TXN00010080,
MOV00001918,2026-04-02,SKU01103,WH004,sale_out,-1,TXN00010228,
MOV00001919,2026-04-02,SKU01204,WH002,sale_out,-1,TXN00010543,
MOV00001920,2026-04-02,SKU01142,WH001,sale_out,-2,TXN00010161,
MOV00001921,2026-04-02,SKU01221,WH004,sale_out,-1,TXN00010249,
MOV00001922,2026-04-02,SKU01137,WH004,sale_out,-1,TXN00010286,
MOV00001923,2026-04-02,SKU01210,WH001,receipt,1,TXN00010318,Customer return
MOV00001924,2026-04-02,SKU01240,WH002,sale_out,-1,TXN00010356,
MOV00001925,2026-04-02,SKU01158,WH001,sale_out,-1,TXN00010166,
MOV00001926,2026-04-02,SKU01122,WH004,sale_out,-1,TXN00010077,
MOV00001927,2026-04-02,SKU01138,WH003,sale_out,-1,TXN00010423,
MOV00001928,2026-04-02,SKU01073,WH001,sale_out,-1,TXN00010204,
MOV00001929,2026-04-02,SKU01148,WH003,sale_out,-1,TXN00010152,
MOV00001930,2026-04-02,SKU01126,WH001,sale_out,-1,TXN00010471,
MOV00001931,2026-04-02,SKU01025,WH001,sale_out,-1,TXN00010341,
MOV00001932,2026-04-02,SKU01197,WH001,sale_out,-2,TXN00010320,
MOV00001933,2026-04-02,SKU01077,WH001,sale_out,-1,TXN00010145,
MOV00001934,2026-04-02,SKU01026,WH001,sale_out,-1,TXN00010468,
MOV00001935,2026-04-02,SKU01060,WH004,sale_out,-1,TXN00010368,
MOV00001936,2026-04-02,SKU01052,WH002,sale_out,-1,TXN00010029,
MOV00001937,2026-04-02,SKU01040,WH004,sale_out,-2,TXN00010264,
MOV00001938,2026-04-02,SKU01230,WH003,sale_out,-1,TXN00010576,
MOV00001939,2026-04-02,SKU01233,WH004,sale_out,-1,TXN00010078,
MOV00001940,2026-04-02,SKU01124,WH003,sale_out,-2,TXN00010293,
MOV00001941,2026-04-02,SKU01151,WH001,sale_out,-1,TXN00010056,
MOV00001942,2026-04-02,SKU01005,WH002,sale_out,-1,TXN00010237,
MOV00001943,2026-04-02,SKU01130,WH003,sale_out,-1,TXN00010013,
MOV00001944,2026-04-02,SKU01239,WH001,sale_out,-1,TXN00010051,
MOV00001945,2026-04-02,SKU01090,WH002,sale_out,-1,TXN00010281,
MOV00001946,2026-04-02,SKU01143,WH004,sale_out,-1,TXN00010430,
MOV00001947,2026-04-02,SKU01090,WH002,sale_out,-1,TXN00010182,
MOV00001948,2026-04-02,SKU01208,WH003,sale_out,-2,TXN00010339,
MOV00001949,2026-04-02,SKU01141,WH001,sale_out,-1,TXN00010164,
MOV00001950,2026-04-02,SKU01156,WH001,sale_out,-1,TXN00010057,
MOV00001951,2026-04-02,SKU01162,WH004,sale_out,-1,TXN00010173,
MOV00001952,2026-04-02,SKU01108,WH004,sale_out,-1,TXN00010570,
MOV00001953,2026-04-02,SKU01180,WH003,sale_out,-1,TXN00010382,
MOV00001954,2026-04-02,SKU01218,WH001,sale_out,-3,TXN00010407,
MOV00001955,2026-04-02,SKU01186,WH001,sale_out,-1,TXN00010133,
MOV00001956,2026-04-02,SKU01174,WH003,sale_out,-1,TXN00010403,
MOV00001957,2026-04-02,SKU01026,WH003,sale_out,-1,TXN00010538,
MOV00001958,2026-04-02,SKU01021,WH004,sale_out,-1,TXN00010119,
MOV00001959,2026-04-02,SKU01051,WH001,sale_out,-3,TXN00010205,
MOV00001960,2026-04-02,SKU01031,WH004,sale_out,-2,TXN00010171,
MOV00001961,2026-04-02,SKU01227,WH001,sale_out,-1,TXN00010265,
MOV00001962,2026-04-02,SKU01175,WH001,sale_out,-1,TXN00010545,
MOV00001963,2026-04-02,SKU01251,WH001,sale_out,-3,TXN00010014,
MOV00001964,2026-04-02,SKU01088,WH001,sale_out,-1,TXN00010409,
MOV00001965,2026-04-02,SKU01022,WH001,sale_out,-1,TXN00010578,
MOV00001966,2026-04-02,SKU01074,WH004,sale_out,-1,TXN00010086,
MOV00001967,2026-04-02,SKU01186,WH001,sale_out,-1,TXN00010312,
MOV00001968,2026-04-02,SKU01236,WH001,sale_out,-1,TXN00010118,
MOV00001969,2026-04-02,SKU01225,WH001,sale_out,-1,TXN00010163,
MOV00001970,2026-04-02,SKU01045,WH001,sale_out,-1,TXN00010015,
MOV00001971,2026-04-02,SKU01206,WH001,sale_out,-1,TXN00010227,
MOV00001972,2026-04-02,SKU01105,WH002,sale_out,-2,TXN00010515,
MOV00001973,2026-04-02,SKU01091,WH002,sale_out,-1,TXN00010440,
MOV00001974,2026-04-02,SKU01196,WH004,sale_out,-1,TXN00010058,
MOV00001975,2026-04-02,SKU01059,WH004,sale_out,-1,TXN00010316,
MOV00001976,2026-04-02,SKU01236,WH003,sale_out,-1,TXN00010581,
MOV00001977,2026-04-02,SKU01160,WH004,sale_out,-1,TXN00010448,
MOV00001978,2026-04-02,SKU01075,WH002,sale_out,-1,TXN00010563,
MOV00001979,2026-04-02,SKU01077,WH002,sale_out,-2,TXN00010473,
MOV00001980,2026-04-02,SKU99001,WH001,sale_out,-1,TXN00010402,
MOV00001981,2026-04-02,SKU01139,WH001,sale_out,-2,TXN00010191,
MOV00001982,2026-04-02,SKU01192,WH002,sale_out,-1,TXN00010377,
MOV00001983,2026-04-02,SKU01014,WH002,sale_out,-1,TXN00010289,
MOV00001984,2026-04-02,SKU01015,WH003,sale_out,-2,TXN00010075,
MOV00001985,2026-04-02,SKU01225,WH004,sale_out,-1,TXN00010041,
MOV00001986,2026-04-02,SKU01161,WH001,sale_out,-1,TXN00010527,
MOV00001987,2026-04-02,SKU01243,WH004,sale_out,-1,TXN00010371,
MOV00001988,2026-04-02,SKU01019,WH001,sale_out,-1,TXN00010502,
MOV00001989,2026-04-02,SKU01030,WH003,sale_out,-1,TXN00010553,
MOV00001990,2026-04-02,SKU01046,WH001,sale_out,-1,TXN00010104,
MOV00001991,2026-04-02,SKU01065,WH001,sale_out,-1,TXN00010287,
MOV00001992,2026-04-02,SKU01145,WH002,sale_out,-1,TXN00010519,
MOV00001993,2026-04-02,SKU01090,WH001,sale_out,-1,TXN00010406,
MOV00001994,2026-04-02,SKU01183,WH002,sale_out,-1,TXN00010139,
MOV00001995,2026-04-02,SKU01225,WH001,sale_out,-3,TXN00010428,
MOV00001996,2026-04-02,SKU01237,WH003,sale_out,-1,TXN00010467,
MOV00001997,2026-04-02,SKU01214,WH001,sale_out,-1,TXN00010555,
MOV00001998,2026-04-02,SKU01175,WH004,sale_out,-1,TXN00010297,
MOV00001999,2026-04-02,SKU01094,WH004,sale_out,-1,TXN00010562,
MOV00002000,2026-04-02,SKU01204,WH001,sale_out,-3,TXN00010381,
MOV00002001,2026-04-02,SKU01172,WH004,sale_out,-1,TXN00010457,
MOV00002002,2026-04-02,SKU01189,WH001,sale_out,-2,TXN00010580,
MOV00002003,2026-04-02,SKU01142,WH004,sale_out,-1,TXN00010111,
MOV00002004,2026-04-02,SKU01104,WH001,sale_out,-1,TXN00010153,
MOV00002005,2026-04-02,SKU01040,WH001,sale_out,-2,TXN00010508,
MOV00002006,2026-04-02,SKU01185,WH001,sale_out,-1,TXN00010327,
MOV00002007,2026-04-02,SKU01063,WH004,sale_out,-1,TXN00010247,
MOV00002008,2026-04-02,SKU01210,WH001,sale_out,-1,TXN00010568,
MOV00002009,2026-04-02,SKU01154,WH003,sale_out,-1,TXN00010052,
MOV00002010,2026-04-02,SKU01090,WH001,sale_out,-1,TXN00010431,
MOV00002011,2026-04-02,SKU01166,WH001,sale_out,-1,TXN00010120,
MOV00002012,2026-04-02,SKU01218,WH004,sale_out,-1,TXN00010150,
MOV00002013,2026-04-02,SKU01059,WH002,sale_out,-1,TXN00010275,
MOV00002014,2026-04-02,SKU01126,WH003,sale_out,-2,TXN00010127,
MOV00002015,2026-04-02,SKU01072,WH003,sale_out,-3,TXN00010215,
MOV00002016,2026-04-02,SKU01074,WH001,sale_out,-1,TXN00010329,
MOV00002017,2026-04-02,SKU01206,WH004,sale_out,-1,TXN00010143,
MOV00002018,2026-04-02,SKU01084,WH001,sale_out,-1,TXN00010079,
MOV00002019,2026-04-02,SKU01086,WH003,sale_out,-2,TXN00010337,
MOV00002020,2026-04-02,SKU01130,WH001,sale_out,-1,TXN00010114,
MOV00002021,2026-04-02,SKU01014,WH004,sale_out,-1,TXN00010074,
MOV00002022,2026-04-02,SKU01183,WH001,sale_out,-1,TXN00010031,
MOV00002023,2026-04-02,SKU01039,WH003,sale_out,-1,TXN00010186,
MOV00002024,2026-04-02,SKU01119,WH001,receipt,1,TXN00010429,Customer return
MOV00002025,2026-04-02,SKU01198,WH002,sale_out,-1,TXN00010456,
MOV00002026,2026-04-02,SKU01173,WH003,sale_out,-1,TXN00010512,
MOV00002027,2026-04-02,SKU01062,WH003,sale_out,-1,TXN00010043,
MOV00002028,2026-04-02,SKU01099,WH004,sale_out,-1,TXN00010573,
MOV00002029,2026-04-02,SKU01123,WH001,sale_out,-1,TXN00010441,
MOV00002030,2026-04-02,SKU01136,WH001,receipt,1,TXN00010531,Customer return
MOV00002031,2026-04-02,SKU01220,WH003,sale_out,-1,TXN00010548,
MOV00002032,2026-04-02,SKU01117,WH001,sale_out,-1,TXN00010575,
MOV00002033,2026-04-02,SKU01185,WH001,sale_out,-1,TXN00010595,
MOV00002034,2026-04-02,SKU01155,WH003,sale_out,-1,TXN00010066,
MOV00002035,2026-04-02,SKU01136,WH001,sale_out,-1,TXN00010116,
MOV00002036,2026-04-02,SKU01097,WH001,sale_out,-1,TXN00010470,
MOV00002037,2026-04-02,SKU01022,WH004,sale_out,-1,TXN00010300,
MOV00002038,2026-04-02,SKU01245,WH003,sale_out,-1,TXN00010525,
MOV00002039,2026-04-02,SKU01220,WH003,sale_out,-1,TXN00010510,
MOV00002040,2026-04-02,SKU01038,WH001,sale_out,-1,TXN00010216,
MOV00002041,2026-04-02,SKU01149,WH001,sale_out,-1,TXN00010352,
MOV00002042,2026-04-02,SKU01132,WH004,sale_out,-1,TXN00010106,
MOV00002043,2026-04-02,SKU01048,WH001,sale_out,-1,TXN00010390,
MOV00002044,2026-04-02,SKU01030,WH002,sale_out,-1,TXN00010192,
MOV00002045,2026-04-02,SKU01157,WH002,sale_out,-1,TXN00010513,
MOV00002046,2026-04-02,SKU01246,WH001,sale_out,-1,TXN00010202,
MOV00002047,2026-04-02,SKU01146,WH001,sale_out,-1,TXN00010498,
MOV00002048,2026-04-02,SKU01063,WH003,sale_out,-3,TXN00010495,
MOV00002049,2026-04-02,SKU01065,WH001,sale_out,-1,TXN00010475,
MOV00002050,2026-04-02,SKU01248,WH003,sale_out,-1,TXN00010466,
MOV00002051,2026-04-02,SKU01018,WH003,sale_out,-2,TXN00010241,
MOV00002052,2026-04-02,SKU01042,WH001,sale_out,-1,TXN00010187,
MOV00002053,2026-04-02,SKU01108,WH004,sale_out,-1,TXN00010020,
MOV00002054,2026-04-02,SKU01234,WH003,sale_out,-2,TXN00010355,
MOV00002055,2026-04-02,SKU01145,WH001,sale_out,-1,TXN00010256,
MOV00002056,2026-04-02,SKU01235,WH001,sale_out,-1,TXN00010408,
MOV00002057,2026-04-02,SKU01148,WH004,sale_out,-1,TXN00010422,
MOV00002058,2026-04-02,SKU01191,WH001,sale_out,-2,TXN00010070,
MOV00002059,2026-04-02,SKU01192,WH001,sale_out,-1,TXN00010234,
MOV00002060,2026-04-02,SKU01076,WH004,receipt,1,TXN00010277,Customer return
MOV00002061,2026-04-02,SKU01048,WH004,sale_out,-1,TXN00010011,
MOV00002062,2026-04-02,SKU01042,WH001,sale_out,-1,TXN00010599,
MOV00002063,2026-04-02,SKU01180,WH001,receipt,1,TXN00010532,Customer return
MOV00002064,2026-04-02,SKU01226,WH001,sale_out,-1,TXN00010095,
MOV00002065,2026-04-02,SKU01178,WH004,sale_out,-1,TXN00010398,
MOV00002066,2026-04-02,SKU01079,WH004,sale_out,-2,TXN00010309,
MOV00002067,2026-04-02,SKU01117,WH001,sale_out,-1,TXN00010579,
MOV00002068,2026-04-02,SKU01048,WH001,sale_out,-1,TXN00010176,
MOV00002069,2026-04-02,SKU01112,WH001,sale_out,-1,TXN00010511,
MOV00002070,2026-04-02,SKU01065,WH003,sale_out,-1,TXN00010324,
MOV00002071,2026-04-02,SKU01064,WH003,sale_out,-1,TXN00010073,
MOV00002072,2026-04-02,SKU01006,WH003,sale_out,-1,TXN00010140,
MOV00002073,2026-04-02,SKU01069,WH001,sale_out,-1,TXN00010272,
MOV00002074,2026-04-02,SKU01024,WH004,sale_out,-1,TXN00010101,
MOV00002075,2026-04-02,SKU01089,WH001,sale_out,-1,TXN00010544,
MOV00002076,2026-04-02,SKU01207,WH002,sale_out,-3,TXN00010084,
MOV00002077,2026-04-02,SKU01017,WH002,sale_out,-1,TXN00010386,
MOV00002078,2026-04-02,SKU01018,WH004,sale_out,-1,TXN00010107,
MOV00002079,2026-04-02,SKU01174,WH001,sale_out,-1,TXN00010257,
MOV00002080,2026-04-02,SKU01001,WH004,sale_out,-1,TXN00010574,
MOV00002081,2026-04-02,SKU01037,WH004,receipt,1,TXN00010342,Customer return
MOV00002082,2026-04-02,SKU01202,WH004,sale_out,-1,TXN00010184,
MOV00002083,2026-04-02,SKU01044,WH004,sale_out,-1,TXN00010550,
MOV00002084,2026-04-02,SKU01237,WH001,sale_out,-1,TXN00010401,
MOV00002085,2026-04-02,SKU01108,WH001,sale_out,-1,TXN00010016,
MOV00002086,2026-04-02,SKU01008,WH001,sale_out,-1,TXN00010400,
MOV00002087,2026-04-02,SKU01101,WH002,sale_out,-1,TXN00010254,
MOV00002088,2026-04-02,SKU01061,WH003,sale_out,-1,TXN00010450,
MOV00002089,2026-04-02,SKU01199,WH004,sale_out,-1,TXN00010469,
MOV00002090,2026-04-02,SKU01241,WH001,sale_out,-1,TXN00010206,
MOV00002091,2026-04-02,SKU01183,WH002,sale_out,-1,TXN00010476,
MOV00002092,2026-04-02,SKU01102,WH004,sale_out,-1,TXN00010008,
MOV00002093,2026-04-02,SKU01177,WH004,sale_out,-1,TXN00010597,
MOV00002094,2026-04-02,SKU01001,WH001,sale_out,-1,TXN00010123,
MOV00002095,2026-04-02,SKU01089,WH003,sale_out,-1,TXN00010172,
MOV00002096,2026-04-02,SKU01144,WH002,sale_out,-1,TXN00010263,
MOV00002097,2026-04-02,SKU01028,WH002,sale_out,-1,TXN00010505,
MOV00002098,2026-04-02,SKU01059,WH001,sale_out,-1,TXN00010598,
MOV00002099,2026-04-02,SKU01182,WH002,sale_out,-1,TXN00010236,
MOV00002100,2026-04-02,SKU01112,WH001,sale_out,-1,TXN00010511,
MOV00002101,2026-04-02,SKU01052,WH003,sale_out,-1,TXN00010313,
MOV00002102,2026-04-02,SKU01081,WH004,sale_out,-1,TXN00010081,
MOV00002103,2026-04-02,SKU01047,WH001,sale_out,-1,TXN00010582,
MOV00002104,2026-04-02,SKU01060,WH001,sale_out,-1,TXN00010105,
MOV00002105,2026-04-02,SKU01113,WH001,sale_out,-1,TXN00010445,
MOV00002106,2026-04-02,SKU01121,WH001,sale_out,-1,TXN00010092,
MOV00002107,2026-04-02,SKU01032,WH002,sale_out,-2,TXN00010134,
MOV00002108,2026-04-02,SKU01109,WH001,sale_out,-2,TXN00010217,
MOV00002109,2026-04-02,SKU01181,WH001,sale_out,-1,TXN00010194,
MOV00002110,2026-04-02,SKU01129,WH001,sale_out,-1,TXN00010417,
MOV00002111,2026-04-02,SKU01094,WH003,sale_out,-1,TXN00010050,
MOV00002112,2026-04-02,SKU01123,WH001,sale_out,-1,TXN00010323,
MOV00002113,2026-04-02,SKU01206,WH001,sale_out,-1,TXN00010055,
MOV00002114,2026-04-02,SKU01089,WH001,sale_out,-1,TXN00010594,
MOV00002115,2026-04-02,SKU01043,WH003,sale_out,-1,TXN00010177,
MOV00002116,2026-04-02,SKU01124,WH002,sale_out,-1,TXN00010560,
MOV00002117,2026-04-02,SKU01243,WH001,sale_out,-1,TXN00010444,
MOV00002118,2026-04-02,SKU01099,WH001,sale_out,-2,TXN00010434,
MOV00002119,2026-04-02,SKU01050,WH001,sale_out,-1,TXN00010387,
MOV00002120,2026-04-02,SKU01151,WH003,sale_out,-1,TXN00010414,
MOV00002121,2026-04-02,SKU01143,WH001,sale_out,-1,TXN00010427,
MOV00002122,2026-04-02,SKU01070,WH001,sale_out,-1,TXN00010238,
MOV00002123,2026-04-02,SKU01114,WH001,sale_out,-1,TXN00010034,
MOV00002124,2026-04-02,SKU01112,WH003,sale_out,-1,TXN00010038,
MOV00002125,2026-04-02,SKU01001,WH001,sale_out,-1,TXN00010282,
MOV00002126,2026-04-02,SKU01208,WH004,sale_out,-3,TXN00010124,
MOV00002127,2026-04-02,SKU99002,WH001,sale_out,-1,TXN00010021,
MOV00002128,2026-04-02,SKU01030,WH001,sale_out,-1,TXN00010559,
MOV00002129,2026-04-02,SKU01125,WH001,sale_out,-2,TXN00010353,
MOV00002130,2026-04-02,SKU01016,WH002,sale_out,-2,TXN00010148,
MOV00002131,2026-04-02,SKU01159,WH002,sale_out,-1,TXN00010393,
MOV00002132,2026-04-02,SKU01199,WH001,sale_out,-2,TXN00010449,
MOV00002133,2026-04-02,SKU01247,WH001,sale_out,-1,TXN00010261,
MOV00002134,2026-04-02,SKU01184,WH004,sale_out,-1,TXN00010331,
MOV00002135,2026-04-02,SKU01086,WH001,sale_out,-1,TXN00010326,
MOV00002136,2026-04-02,SKU01218,WH002,sale_out,-1,TXN00010169,
MOV00002137,2026-04-02,SKU01149,WH001,sale_out,-1,TXN00010535,
MOV00002138,2026-04-02,SKU01230,WH001,sale_out,-1,TXN00010039,
MOV00002139,2026-04-02,SKU01177,WH001,sale_out,-1,TXN00010542,
MOV00002140,2026-04-02,SKU01021,WH001,sale_out,-2,TXN00010304,
MOV00002141,2026-04-02,SKU01128,WH004,sale_out,-1,TXN00010135,
MOV00002142,2026-04-02,SKU01219,WH003,sale_out,-2,TXN00010310,
MOV00002143,2026-04-02,SKU01138,WH003,sale_out,-1,TXN00010117,
MOV00002144,2026-04-02,SKU01081,WH001,sale_out,-1,TXN00010354,
MOV00002145,2026-04-02,SKU01181,WH002,sale_out,-1,TXN00010541,
MOV00002146,2026-04-02,SKU01137,WH003,sale_out,-1,TXN00010486,
MOV00002147,2026-04-02,SKU01152,WH001,sale_out,-2,TXN00010360,
MOV00002148,2026-04-02,SKU01135,WH001,sale_out,-1,TXN00010399,
MOV00002149,2026-04-02,SKU01050,WH002,sale_out,-1,TXN00010533,
MOV00002150,2026-04-02,SKU01181,WH001,sale_out,-1,TXN00010577,
MOV00002151,2026-04-02,SKU01221,WH001,sale_out,-1,TXN00010479,
MOV00002152,2026-04-02,SKU01195,WH004,sale_out,-1,TXN00010012,
MOV00002153,2026-04-02,SKU01052,WH001,sale_out,-1,TXN00010027,
MOV00002154,2026-04-02,SKU01125,WH001,sale_out,-1,TXN00010424,
MOV00002155,2026-04-02,SKU01104,WH001,sale_out,-1,TXN00010046,
MOV00002156,2026-04-02,SKU01016,WH001,sale_out,-1,TXN00010284,
MOV00002157,2026-04-02,SKU01117,WH001,receipt,1,TXN00010366,Customer return
MOV00002158,2026-04-02,SKU01065,WH002,sale_out,-2,TXN00010432,
MOV00002159,2026-04-02,SKU01017,WH001,sale_out,-1,TXN00010226,
MOV00002160,2026-04-02,SKU01190,WH004,receipt,1,TXN00010141,Customer return
MOV00002161,2026-04-02,SKU01219,WH002,sale_out,-2,TXN00010404,
MOV00002162,2026-04-02,SKU01249,WH004,sale_out,-1,TXN00010509,
MOV00002163,2026-04-02,SKU01053,WH001,sale_out,-1,TXN00010087,
MOV00002164,2026-04-02,SKU01008,WH001,sale_out,-1,TXN00010048,
MOV00002165,2026-04-02,SKU01021,WH004,sale_out,-1,TXN00010119,
MOV00002166,2026-04-02,SKU01031,WH001,sale_out,-1,TXN00010068,
MOV00002167,2026-04-02,SKU01143,WH001,sale_out,-2,TXN00010091,
MOV00002168,2026-04-02,SKU01149,WH001,sale_out,-1,TXN00010334,
MOV00002169,2026-04-02,SKU01049,WH002,sale_out,-1,TXN00010060,
MOV00002170,2026-04-02,SKU01234,WH001,sale_out,-1,TXN00010415,
MOV00002171,2026-04-02,SKU01188,WH002,sale_out,-1,TXN00010442,
MOV00002172,2026-04-02,SKU01139,WH001,sale_out,-1,TXN00010319,
MOV00002173,2026-04-02,SKU01022,WH003,sale_out,-3,TXN00010378,
MOV00002174,2026-04-02,SKU01147,WH001,sale_out,-1,TXN00010017,
MOV00002175,2026-04-02,SKU01009,WH003,sale_out,-2,TXN00010493,
MOV00002176,2026-04-02,SKU01229,WH001,sale_out,-1,TXN00010586,
MOV00002177,2026-04-02,SKU01028,WH003,sale_out,-1,TXN00010162,
MOV00002178,2026-04-02,SKU01088,WH004,sale_out,-1,TXN00010198,
MOV00002179,2026-04-02,SKU01231,WH001,sale_out,-1,TXN00010395,
MOV00002180,2026-04-02,SKU01031,WH001,sale_out,-1,TXN00010311,
MOV00002181,2026-04-02,SKU01250,WH001,sale_out,-2,TXN00010059,
MOV00002182,2026-04-02,SKU01109,WH001,sale_out,-1,TXN00010165,
MOV00002183,2026-04-02,SKU01007,WH002,sale_out,-2,TXN00010376,
MOV00002184,2026-04-02,SKU01142,WH003,sale_out,-1,TXN00010065,
MOV00002185,2026-04-02,SKU01063,WH002,sale_out,-1,TXN00010102,
MOV00002186,2026-04-02,SKU01028,WH001,sale_out,-1,TXN00010146,
MOV00002187,2026-04-02,SKU01108,WH003,sale_out,-2,TXN00010196,
MOV00002188,2026-04-02,SKU01128,WH001,sale_out,-1,TXN00010557,
MOV00002189,2026-04-02,SKU01072,WH003,sale_out,-1,TXN00010314,
MOV00002190,2026-04-02,SKU01171,WH001,sale_out,-2,TXN00010523,
MOV00002191,2026-04-02,SKU01029,WH001,sale_out,-1,TXN00010144,
MOV00002192,2026-04-02,SKU01148,WH001,sale_out,-1,TXN00010244,
MOV00002193,2026-04-02,SKU01089,WH004,sale_out,-1,TXN00010137,
MOV00002194,2026-04-02,SKU01220,WH001,sale_out,-1,TXN00010273,
MOV00002195,2026-04-02,SKU01174,WH001,sale_out,-3,TXN00010453,
MOV00002196,2026-04-02,SKU01206,WH001,sale_out,-1,TXN00010033,
MOV00002197,2026-04-02,SKU01226,WH001,sale_out,-1,TXN00010024,
MOV00002198,2026-04-02,SKU01099,WH004,sale_out,-1,TXN00010136,
MOV00002199,2026-04-02,SKU01213,WH001,sale_out,-1,TXN00010558,
MOV00002200,2026-04-02,SKU01250,WH002,sale_out,-1,TXN00010218,
MOV00002201,2026-04-02,SKU01102,WH002,sale_out,-1,TXN00010160,
MOV00002202,2026-04-02,SKU01112,WH001,sale_out,-1,TXN00010315,
MOV00002203,2026-04-02,SKU01085,WH001,sale_out,-1,TXN00010593,
MOV00002204,2026-04-02,SKU01174,WH001,sale_out,-2,TXN00010483,
MOV00002205,2026-04-02,SKU01200,WH001,sale_out,-1,TXN00010488,
MOV00002206,2026-04-02,SKU01174,WH003,sale_out,-1,TXN00010482,
MOV00002207,2026-04-02,SKU01148,WH002,sale_out,-1,TXN00010099,
MOV00002208,2026-04-02,SKU01064,WH001,sale_out,-1,TXN00010269,
MOV00002209,2026-04-02,SKU01170,WH001,sale_out,-2,TXN00010082,
MOV00002210,2026-04-02,SKU01100,WH004,sale_out,-3,TXN00010379,
MOV00002211,2026-04-02,SKU01001,WH001,sale_out,-1,TXN00010526,
MOV00002212,2026-04-02,SKU01088,WH001,sale_out,-1,TXN00010090,
MOV00002213,2026-04-02,SKU01250,WH001,sale_out,-2,TXN00010349,
MOV00002214,2026-04-02,SKU01204,WH002,sale_out,-2,TXN00010540,
MOV00002215,2026-04-02,SKU01068,WH001,sale_out,-3,TXN00010472,
MOV00002216,2026-04-02,SKU01082,WH001,sale_out,-2,TXN00010283,
MOV00002217,2026-04-02,SKU01234,WH001,sale_out,-1,TXN00010584,
MOV00002218,2026-04-02,SKU01132,WH001,sale_out,-1,TXN00010035,
MOV00002219,2026-04-02,SKU01039,WH002,sale_out,-1,TXN00010507,
MOV00002220,2026-04-02,SKU01081,WH001,sale_out,-1,TXN00010305,
MOV00002221,2026-04-02,SKU01003,WH004,sale_out,-2,TXN00010168,
MOV00002222,2026-04-02,SKU01026,WH004,sale_out,-1,TXN00010296,
MOV00002223,2026-04-02,SKU01244,WH002,sale_out,-1,TXN00010357,
MOV00002224,2026-04-02,SKU01184,WH001,sale_out,-1,TXN00010229,
MOV00002225,2026-04-02,SKU01029,WH003,sale_out,-1,TXN00010112,
MOV00002226,2026-04-02,SKU01016,WH003,sale_out,-1,TXN00010252,
MOV00002227,2026-04-02,SKU01015,WH001,sale_out,-1,TXN00010566,
MOV00002228,2026-04-02,SKU99001,WH004,sale_out,-2,TXN00010219,
MOV00002229,2026-04-02,SKU01123,WH003,sale_out,-1,TXN00010197,
MOV00002230,2026-04-02,SKU01089,WH003,sale_out,-1,TXN00010190,
MOV00002231,2026-04-02,SKU01100,WH001,sale_out,-2,TXN00010183,
MOV00002232,2026-04-02,SKU01046,WH001,sale_out,-1,TXN00010255,
MOV00002233,2026-04-02,SKU01067,WH004,sale_out,-2,TXN00010405,
MOV00002234,2026-04-02,SKU01047,WH003,sale_out,-1,TXN00010125,
MOV00002235,2026-04-02,SKU01187,WH004,sale_out,-1,TXN00010132,
MOV00002236,2026-04-02,SKU01254,WH001,sale_out,-1,TXN_ORPHAN_001,
MOV00002237,2026-04-02,SKU01097,WH004,receipt,45,PO76020,Restock
MOV00002238,2026-04-02,SKU01181,WH004,receipt,63,PO94165,Restock
MOV00002239,2026-04-02,SKU01072,WH001,receipt,89,PO13760,Restock
MOV00002240,2026-04-02,SKU01200,WH002,receipt,94,PO26730,Restock
MOV00002241,2026-04-02,SKU01030,WH001,receipt,90,PO19951,Restock
MOV00002242,2026-04-02,SKU01234,WH003,receipt,68,PO72127,Restock
MOV00002243,2026-04-02,SKU01189,WH003,receipt,88,PO67522,Restock
MOV00002244,2026-04-02,SKU01220,WH004,receipt,57,PO28275,Restock
MOV00002245,2026-04-02,SKU01133,WH001,receipt,27,PO49445,Restock
MOV00002246,2026-04-02,SKU01056,WH002,receipt,73,PO47986,Restock
MOV00002247,2026-04-02,SKU01129,WH002,adjustment,-1,ADJ9953,Cycle count adjustment
MOV00002248,2026-04-02,SKU01070,WH004,adjustment,-1,ADJ3240,Cycle count adjustment
MOV00002249,2026-04-02,SKU01170,WH002,adjustment,-2,ADJ1190,Cycle count adjustment
